Picked up JAVA_TOOL_OPTIONS: -Djdk.tracePinnedThreads=full
To honour the JVM settings for this build a single-use Daemon process will be forked. For more on this, please refer to https://docs.gradle.org/8.14.4/userguide/gradle_daemon.html#sec:disabling_the_daemon in the Gradle documentation.
Daemon will be stopped at the end of the build 
> Task :compileJava UP-TO-DATE
> Task :processResources UP-TO-DATE
> Task :classes UP-TO-DATE
> Task :resolveMainClassName

> Task :bootRun
Picked up JAVA_TOOL_OPTIONS: -Djdk.tracePinnedThreads=full

  .   ____          _            __ _ _
 /\\ / ___'_ __ _ _(_)_ __  __ _ \ \ \ \
( ( )\___ | '_ | '_| | '_ \/ _` | \ \ \ \
 \\/  ___)| |_)| | | | | || (_| |  ) ) ) )
  '  |____| .__|_| |_|_| |_\__, | / / / /
 =========|_|==============|___/=/_/_/_/

 :: Spring Boot ::                (v3.5.0)

2026-05-24T10:56:06.026+03:00  INFO 81523 --- [bot-funnel-backend] [  restartedMain] com.botfunnel.BotFunnelApplication       : Starting BotFunnelApplication using Java 21.0.9 with PID 81523 (/Users/pavlokorolov/IdeaProjects/simple-sender/backend/build/classes/java/main started by pavlokorolov in /Users/pavlokorolov/IdeaProjects/simple-sender/backend)
2026-05-24T10:56:06.027+03:00  INFO 81523 --- [bot-funnel-backend] [  restartedMain] com.botfunnel.BotFunnelApplication       : No active profile set, falling back to 1 default profile: "default"
2026-05-24T10:56:06.047+03:00  INFO 81523 --- [bot-funnel-backend] [  restartedMain] .e.DevToolsPropertyDefaultsPostProcessor : Devtools property defaults active! Set 'spring.devtools.add-properties' to 'false' to disable
2026-05-24T10:56:06.047+03:00  INFO 81523 --- [bot-funnel-backend] [  restartedMain] .e.DevToolsPropertyDefaultsPostProcessor : For additional web related logging consider setting the 'logging.level.web' property to 'DEBUG'
2026-05-24T10:56:06.431+03:00  INFO 81523 --- [bot-funnel-backend] [  restartedMain] .s.d.r.c.RepositoryConfigurationDelegate : Multiple Spring Data modules found, entering strict repository configuration mode
2026-05-24T10:56:06.431+03:00  INFO 81523 --- [bot-funnel-backend] [  restartedMain] .s.d.r.c.RepositoryConfigurationDelegate : Bootstrapping Spring Data MongoDB repositories in DEFAULT mode.
2026-05-24T10:56:06.508+03:00  INFO 81523 --- [bot-funnel-backend] [  restartedMain] .s.d.r.c.RepositoryConfigurationDelegate : Finished Spring Data repository scanning in 74 ms. Found 5 MongoDB repository interfaces.
2026-05-24T10:56:06.517+03:00  INFO 81523 --- [bot-funnel-backend] [  restartedMain] .s.d.r.c.RepositoryConfigurationDelegate : Multiple Spring Data modules found, entering strict repository configuration mode
2026-05-24T10:56:06.517+03:00  INFO 81523 --- [bot-funnel-backend] [  restartedMain] .s.d.r.c.RepositoryConfigurationDelegate : Bootstrapping Spring Data Redis repositories in DEFAULT mode.
2026-05-24T10:56:06.526+03:00  INFO 81523 --- [bot-funnel-backend] [  restartedMain] .RepositoryConfigurationExtensionSupport : Spring Data Redis - Could not safely identify store assignment for repository candidate interface com.botfunnel.bot.BotRepository; If you want this repository to be a Redis repository, consider annotating your entities with one of these annotations: org.springframework.data.redis.core.RedisHash (preferred), or consider extending one of the following types with your repository: org.springframework.data.keyvalue.repository.KeyValueRepository
2026-05-24T10:56:06.526+03:00  INFO 81523 --- [bot-funnel-backend] [  restartedMain] .RepositoryConfigurationExtensionSupport : Spring Data Redis - Could not safely identify store assignment for repository candidate interface com.botfunnel.events.EventRepository; If you want this repository to be a Redis repository, consider annotating your entities with one of these annotations: org.springframework.data.redis.core.RedisHash (preferred), or consider extending one of the following types with your repository: org.springframework.data.keyvalue.repository.KeyValueRepository
2026-05-24T10:56:06.526+03:00  INFO 81523 --- [bot-funnel-backend] [  restartedMain] .RepositoryConfigurationExtensionSupport : Spring Data Redis - Could not safely identify store assignment for repository candidate interface com.botfunnel.project.ProjectRepository; If you want this repository to be a Redis repository, consider annotating your entities with one of these annotations: org.springframework.data.redis.core.RedisHash (preferred), or consider extending one of the following types with your repository: org.springframework.data.keyvalue.repository.KeyValueRepository
2026-05-24T10:56:06.526+03:00  INFO 81523 --- [bot-funnel-backend] [  restartedMain] .RepositoryConfigurationExtensionSupport : Spring Data Redis - Could not safely identify store assignment for repository candidate interface com.botfunnel.user.UserRepository; If you want this repository to be a Redis repository, consider annotating your entities with one of these annotations: org.springframework.data.redis.core.RedisHash (preferred), or consider extending one of the following types with your repository: org.springframework.data.keyvalue.repository.KeyValueRepository
2026-05-24T10:56:06.526+03:00  INFO 81523 --- [bot-funnel-backend] [  restartedMain] .RepositoryConfigurationExtensionSupport : Spring Data Redis - Could not safely identify store assignment for repository candidate interface com.botfunnel.webhook.RawUpdateRepository; If you want this repository to be a Redis repository, consider annotating your entities with one of these annotations: org.springframework.data.redis.core.RedisHash (preferred), or consider extending one of the following types with your repository: org.springframework.data.keyvalue.repository.KeyValueRepository
2026-05-24T10:56:06.526+03:00  INFO 81523 --- [bot-funnel-backend] [  restartedMain] .s.d.r.c.RepositoryConfigurationDelegate : Finished Spring Data repository scanning in 4 ms. Found 0 Redis repository interfaces.
2026-05-24T10:56:06.775+03:00  INFO 81523 --- [bot-funnel-backend] [  restartedMain] o.s.b.w.embedded.tomcat.TomcatWebServer  : Tomcat initialized with port 8080 (http)
2026-05-24T10:56:06.784+03:00  INFO 81523 --- [bot-funnel-backend] [  restartedMain] o.apache.catalina.core.StandardService   : Starting service [Tomcat]
2026-05-24T10:56:06.784+03:00  INFO 81523 --- [bot-funnel-backend] [  restartedMain] o.apache.catalina.core.StandardEngine    : Starting Servlet engine: [Apache Tomcat/10.1.41]
2026-05-24T10:56:06.803+03:00  INFO 81523 --- [bot-funnel-backend] [  restartedMain] o.a.c.c.C.[Tomcat].[localhost].[/]       : Initializing Spring embedded WebApplicationContext
2026-05-24T10:56:06.804+03:00  INFO 81523 --- [bot-funnel-backend] [  restartedMain] w.s.c.ServletWebServerApplicationContext : Root WebApplicationContext: initialization completed in 755 ms
2026-05-24T10:56:06.916+03:00  INFO 81523 --- [bot-funnel-backend] [  restartedMain] org.mongodb.driver.client                : MongoClient with metadata {"driver": {"name": "mongo-java-driver|sync", "version": "5.4.0"}, "os": {"type": "Darwin", "name": "Mac OS X", "architecture": "aarch64", "version": "26.5"}, "platform": "Java/BellSoft/21.0.9+15-LTS"} created with settings MongoClientSettings{readPreference=primary, writeConcern=WriteConcern{w=null, wTimeout=null ms, journal=null}, retryWrites=true, retryReads=true, readConcern=ReadConcern{level=null}, credential=null, transportSettings=null, commandListeners=[], codecRegistry=ProvidersCodecRegistry{codecProviders=[ValueCodecProvider{}, BsonValueCodecProvider{}, DBRefCodecProvider{}, DBObjectCodecProvider{}, DocumentCodecProvider{}, CollectionCodecProvider{}, IterableCodecProvider{}, MapCodecProvider{}, GeoJsonCodecProvider{}, GridFSFileCodecProvider{}, Jsr310CodecProvider{}, JsonObjectCodecProvider{}, BsonCodecProvider{}, EnumCodecProvider{}, com.mongodb.client.model.mql.ExpressionCodecProvider@7035c248, com.mongodb.Jep395RecordCodecProvider@504c26aa, com.mongodb.KotlinCodecProvider@654590ac]}, loggerSettings=LoggerSettings{maxDocumentLength=1000}, clusterSettings={hosts=[localhost:27017], srvServiceName=mongodb, mode=SINGLE, requiredClusterType=UNKNOWN, requiredReplicaSetName='null', serverSelector='null', clusterListeners='[]', serverSelectionTimeout='30000 ms', localThreshold='15 ms'}, socketSettings=SocketSettings{connectTimeoutMS=10000, readTimeoutMS=0, receiveBufferSize=0, proxySettings=ProxySettings{host=null, port=null, username=null, password=null}}, heartbeatSocketSettings=SocketSettings{connectTimeoutMS=10000, readTimeoutMS=10000, receiveBufferSize=0, proxySettings=ProxySettings{host=null, port=null, username=null, password=null}}, connectionPoolSettings=ConnectionPoolSettings{maxSize=100, minSize=0, maxWaitTimeMS=120000, maxConnectionLifeTimeMS=0, maxConnectionIdleTimeMS=0, maintenanceInitialDelayMS=0, maintenanceFrequencyMS=60000, connectionPoolListeners=[], maxConnecting=2}, serverSettings=ServerSettings{heartbeatFrequencyMS=10000, minHeartbeatFrequencyMS=500, serverMonitoringMode=AUTO, serverListeners='[]', serverMonitorListeners='[]'}, sslSettings=SslSettings{enabled=false, invalidHostNameAllowed=false, context=null}, applicationName='null', compressorList=[], uuidRepresentation=STANDARD, serverApi=null, autoEncryptionSettings=null, dnsClient=null, inetAddressResolver=null, contextProvider=null, timeoutMS=null}
2026-05-24T10:56:06.933+03:00  INFO 81523 --- [bot-funnel-backend] [localhost:27017] org.mongodb.driver.cluster               : Monitor thread successfully connected to server with description ServerDescription{address=localhost:27017, type=STANDALONE, cryptd=false, state=CONNECTED, ok=true, minWireVersion=0, maxWireVersion=21, maxDocumentSize=16777216, logicalSessionTimeoutMinutes=30, roundTripTimeNanos=9298209, minRoundTripTimeNanos=0}
2026-05-24T10:56:06.951+03:00  WARN 81523 --- [bot-funnel-backend] [  restartedMain] o.s.data.convert.CustomConversions       : Registering converter from interface java.util.List to interface org.springframework.data.domain.Vector as reading converter although it doesn't convert from a store-supported type; You might want to check your annotation setup at the converter implementation
2026-05-24T10:56:06.982+03:00  INFO 81523 --- [bot-funnel-backend] [  restartedMain] o.s.b.d.a.OptionalLiveReloadServer       : LiveReload server is running on port 35729
2026-05-24T10:56:06.994+03:00  WARN 81523 --- [bot-funnel-backend] [  restartedMain] o.s.data.convert.CustomConversions       : Registering converter from interface java.util.List to interface org.springframework.data.domain.Vector as reading converter although it doesn't convert from a store-supported type; You might want to check your annotation setup at the converter implementation
2026-05-24T10:56:07.416+03:00  INFO 81523 --- [bot-funnel-backend] [  restartedMain] o.j.s.nosql.common.NoSqlDatabaseCreator  : Skipping migration NoSqlMigrationByPath{path=/org/jobrunr/storage/nosql/mongo/migrations/M001_CreateJobCollection.class} as it is already done
2026-05-24T10:56:07.418+03:00  INFO 81523 --- [bot-funnel-backend] [  restartedMain] o.j.s.nosql.common.NoSqlDatabaseCreator  : Skipping migration NoSqlMigrationByPath{path=/org/jobrunr/storage/nosql/mongo/migrations/M002_CreateRecurringJobCollection.class} as it is already done
2026-05-24T10:56:07.419+03:00  INFO 81523 --- [bot-funnel-backend] [  restartedMain] o.j.s.nosql.common.NoSqlDatabaseCreator  : Skipping migration NoSqlMigrationByPath{path=/org/jobrunr/storage/nosql/mongo/migrations/M003_CreateBackgroundJobServerCollection.class} as it is already done
2026-05-24T10:56:07.419+03:00  INFO 81523 --- [bot-funnel-backend] [  restartedMain] o.j.s.nosql.common.NoSqlDatabaseCreator  : Skipping migration NoSqlMigrationByPath{path=/org/jobrunr/storage/nosql/mongo/migrations/M004_CreateJobStatsCollection.class} as it is already done
2026-05-24T10:56:07.420+03:00  INFO 81523 --- [bot-funnel-backend] [  restartedMain] o.j.s.nosql.common.NoSqlDatabaseCreator  : Skipping migration NoSqlMigrationByPath{path=/org/jobrunr/storage/nosql/mongo/migrations/M005_CreateMetadataCollectionAndDropJobStats.class} as it is already done
2026-05-24T10:56:07.421+03:00  INFO 81523 --- [bot-funnel-backend] [  restartedMain] o.j.s.nosql.common.NoSqlDatabaseCreator  : Skipping migration NoSqlMigrationByPath{path=/org/jobrunr/storage/nosql/mongo/migrations/M006_UpdateRecurringJobsCollectionAddCreatedAtIndex.class} as it is already done
2026-05-24T10:56:07.422+03:00  INFO 81523 --- [bot-funnel-backend] [  restartedMain] o.j.s.nosql.common.NoSqlDatabaseCreator  : Skipping migration NoSqlMigrationByPath{path=/org/jobrunr/storage/nosql/mongo/migrations/M007_UpdateJobsCollectionReplaceIndices.class} as it is already done
2026-05-24T10:56:07.554+03:00  WARN 81523 --- [bot-funnel-backend] [  restartedMain] .s.s.UserDetailsServiceAutoConfiguration : 

Using generated security password: 403d484b-5a3f-4877-8a36-71e12390900b

This generated password is for development use only. Your security configuration must be updated before running your application in production.

2026-05-24T10:56:07.557+03:00  INFO 81523 --- [bot-funnel-backend] [  restartedMain] r$InitializeUserDetailsManagerConfigurer : Global AuthenticationManager configured with UserDetailsService bean with name inMemoryUserDetailsManager
2026-05-24T10:56:07.704+03:00  INFO 81523 --- [bot-funnel-backend] [  restartedMain] o.j.s.t.VirtualThreadJobRunrExecutor     : ThreadManager of type 'VirtualThreadPerTask' started
2026-05-24T10:56:07.717+03:00  INFO 81523 --- [bot-funnel-backend] [pool-3-thread-1] org.jobrunr.server.BackgroundJobServer   : JobRunr BackgroundJobServer (a7982227-8bc4-4830-9cf3-cf33aed8b3dc) using MongoDBStorageProvider and 160 BackgroundJobPerformers started successfully
2026-05-24T10:56:07.721+03:00  INFO 81523 --- [bot-funnel-backend] [pool-3-thread-1] org.jobrunr.server.ServerZooKeeper       : Server a7982227-8bc4-4830-9cf3-cf33aed8b3dc is master (this BackgroundJobServer)
2026-05-24T10:56:07.775+03:00  INFO 81523 --- [bot-funnel-backend] [  restartedMain] o.s.b.w.embedded.tomcat.TomcatWebServer  : Tomcat started on port 8080 (http) with context path '/'
2026-05-24T10:56:07.780+03:00  INFO 81523 --- [bot-funnel-backend] [  restartedMain] com.botfunnel.BotFunnelApplication       : Started BotFunnelApplication in 1.939 seconds (process running for 2.122)
2026-05-24T10:56:07.817+03:00  INFO 81523 --- [bot-funnel-backend] [  restartedMain] com.botfunnel.admin.SuperAdminSeeder     : Super admin already present: admin@admin.com
2026-05-24T10:56:36.764+03:00  INFO 81523 --- [bot-funnel-backend] [omcat-handler-0] o.a.c.c.C.[Tomcat].[localhost].[/]       : Initializing Spring DispatcherServlet 'dispatcherServlet'
2026-05-24T10:56:36.765+03:00  INFO 81523 --- [bot-funnel-backend] [omcat-handler-0] o.s.web.servlet.DispatcherServlet        : Initializing Servlet 'dispatcherServlet'
2026-05-24T10:56:36.765+03:00  INFO 81523 --- [bot-funnel-backend] [omcat-handler-0] o.s.web.servlet.DispatcherServlet        : Completed initialization in 0 ms
VirtualThread[#81,tomcat-handler-9]/runnable@ForkJoinPool-1-worker-4 reason:MONITOR
    java.base/java.lang.VirtualThread$VThreadContinuation.onPinned(VirtualThread.java:199)
    java.base/jdk.internal.vm.Continuation.onPinned0(Continuation.java:393)
    java.base/java.lang.VirtualThread.park(VirtualThread.java:596)
    java.base/java.lang.System$2.parkVirtualThread(System.java:2643)
    java.base/jdk.internal.misc.VirtualThreads.park(VirtualThreads.java:54)
    java.base/java.util.concurrent.locks.LockSupport.park(LockSupport.java:369)
    java.base/sun.nio.ch.Poller.pollIndirect(Poller.java:139)
    java.base/sun.nio.ch.Poller.poll(Poller.java:102)
    java.base/sun.nio.ch.Poller.poll(Poller.java:89)
    java.base/sun.nio.ch.NioSocketImpl.park(NioSocketImpl.java:175)
    java.base/sun.nio.ch.NioSocketImpl.park(NioSocketImpl.java:201)
    java.base/sun.nio.ch.NioSocketImpl.connect(NioSocketImpl.java:597)
    java.base/java.net.SocksSocketImpl.connect(SocksSocketImpl.java:327)
    java.base/java.net.Socket.connect(Socket.java:751)
    java.base/java.net.Socket.connect(Socket.java:686)
    org.eclipse.angus.mail.util.SocketFetcher.createSocket(SocketFetcher.java:368)
    org.eclipse.angus.mail.util.SocketFetcher.getSocket(SocketFetcher.java:243)
    org.eclipse.angus.mail.smtp.SMTPTransport.openServer(SMTPTransport.java:2193)
    org.eclipse.angus.mail.smtp.SMTPTransport.protocolConnect(SMTPTransport.java:729) <== monitors:1
    jakarta.mail.Service.connect(Service.java:345) <== monitors:1
    org.springframework.mail.javamail.JavaMailSenderImpl.connectTransport(JavaMailSenderImpl.java:480)
    org.springframework.mail.javamail.JavaMailSenderImpl.doSend(JavaMailSenderImpl.java:399)
    org.springframework.mail.javamail.JavaMailSenderImpl.send(JavaMailSenderImpl.java:350)
    org.springframework.mail.javamail.JavaMailSender.send(JavaMailSender.java:101)
    com.botfunnel.email.EmailService.sendAsync(EmailService.java:90)
    com.botfunnel.email.EmailService.sendVerificationEmail(EmailService.java:35)
    com.botfunnel.auth.AuthService.register(AuthService.java:167)
    com.botfunnel.auth.AuthController.register(AuthController.java:51)
    java.base/jdk.internal.reflect.DirectMethodHandleAccessor.invoke(DirectMethodHandleAccessor.java:103)
    java.base/java.lang.reflect.Method.invoke(Method.java:580)
    org.springframework.web.method.support.InvocableHandlerMethod.doInvoke(InvocableHandlerMethod.java:258)
    org.springframework.web.method.support.InvocableHandlerMethod.invokeForRequest(InvocableHandlerMethod.java:191)
    org.springframework.web.servlet.mvc.method.annotation.ServletInvocableHandlerMethod.invokeAndHandle(ServletInvocableHandlerMethod.java:118)
    org.springframework.web.servlet.mvc.method.annotation.RequestMappingHandlerAdapter.invokeHandlerMethod(RequestMappingHandlerAdapter.java:986)
    org.springframework.web.servlet.mvc.method.annotation.RequestMappingHandlerAdapter.handleInternal(RequestMappingHandlerAdapter.java:891)
    org.springframework.web.servlet.mvc.method.AbstractHandlerMethodAdapter.handle(AbstractHandlerMethodAdapter.java:87)
    org.springframework.web.servlet.DispatcherServlet.doDispatch(DispatcherServlet.java:1089)
    org.springframework.web.servlet.DispatcherServlet.doService(DispatcherServlet.java:979)
    org.springframework.web.servlet.FrameworkServlet.processRequest(FrameworkServlet.java:1014)
    org.springframework.web.servlet.FrameworkServlet.doPost(FrameworkServlet.java:914)
    jakarta.servlet.http.HttpServlet.service(HttpServlet.java:590)
    org.springframework.web.servlet.FrameworkServlet.service(FrameworkServlet.java:885)
    jakarta.servlet.http.HttpServlet.service(HttpServlet.java:658)
    org.apache.catalina.core.ApplicationFilterChain.internalDoFilter(ApplicationFilterChain.java:195)
    org.apache.catalina.core.ApplicationFilterChain.doFilter(ApplicationFilterChain.java:140)
    org.apache.tomcat.websocket.server.WsFilter.doFilter(WsFilter.java:51)
    org.apache.catalina.core.ApplicationFilterChain.internalDoFilter(ApplicationFilterChain.java:164)
    org.apache.catalina.core.ApplicationFilterChain.doFilter(ApplicationFilterChain.java:140)
    org.springframework.web.filter.CompositeFilter$VirtualFilterChain.doFilter(CompositeFilter.java:108)
    org.springframework.web.filter.CompositeFilter$VirtualFilterChain.doFilter(CompositeFilter.java:108)
    org.springframework.security.web.FilterChainProxy.lambda$doFilterInternal$3(FilterChainProxy.java:231)
    org.springframework.security.web.FilterChainProxy$VirtualFilterChain.doFilter(FilterChainProxy.java:365)
    org.springframework.security.web.access.intercept.AuthorizationFilter.doFilter(AuthorizationFilter.java:101)
    org.springframework.security.web.FilterChainProxy$VirtualFilterChain.doFilter(FilterChainProxy.java:374)
    org.springframework.security.web.access.ExceptionTranslationFilter.doFilter(ExceptionTranslationFilter.java:125)
    org.springframework.security.web.access.ExceptionTranslationFilter.doFilter(ExceptionTranslationFilter.java:119)
    org.springframework.security.web.FilterChainProxy$VirtualFilterChain.doFilter(FilterChainProxy.java:374)
    org.springframework.security.web.authentication.AnonymousAuthenticationFilter.doFilter(AnonymousAuthenticationFilter.java:100)
    org.springframework.security.web.FilterChainProxy$VirtualFilterChain.doFilter(FilterChainProxy.java:374)
    org.springframework.security.web.servletapi.SecurityContextHolderAwareRequestFilter.doFilter(SecurityContextHolderAwareRequestFilter.java:179)
    org.springframework.security.web.FilterChainProxy$VirtualFilterChain.doFilter(FilterChainProxy.java:374)
    org.springframework.security.web.savedrequest.RequestCacheAwareFilter.doFilter(RequestCacheAwareFilter.java:63)
    org.springframework.security.web.FilterChainProxy$VirtualFilterChain.doFilter(FilterChainProxy.java:374)
    org.springframework.security.web.authentication.logout.LogoutFilter.doFilter(LogoutFilter.java:107)
    org.springframework.security.web.authentication.logout.LogoutFilter.doFilter(LogoutFilter.java:93)
    org.springframework.security.web.FilterChainProxy$VirtualFilterChain.doFilter(FilterChainProxy.java:374)
    com.botfunnel.security.SecurityConfig$CsrfCookieMaterializer.doFilterInternal(SecurityConfig.java:127)
    org.springframework.web.filter.OncePerRequestFilter.doFilter(OncePerRequestFilter.java:116)
    org.springframework.security.web.FilterChainProxy$VirtualFilterChain.doFilter(FilterChainProxy.java:374)
    org.springframework.security.web.csrf.CsrfFilter.doFilterInternal(CsrfFilter.java:134)
    org.springframework.web.filter.OncePerRequestFilter.doFilter(OncePerRequestFilter.java:116)
    org.springframework.security.web.FilterChainProxy$VirtualFilterChain.doFilter(FilterChainProxy.java:374)
    org.springframework.web.filter.CorsFilter.doFilterInternal(CorsFilter.java:91)
    org.springframework.web.filter.OncePerRequestFilter.doFilter(OncePerRequestFilter.java:116)
    org.springframework.security.web.FilterChainProxy$VirtualFilterChain.doFilter(FilterChainProxy.java:374)
    org.springframework.security.web.header.HeaderWriterFilter.doHeadersAfter(HeaderWriterFilter.java:90)
    org.springframework.security.web.header.HeaderWriterFilter.doFilterInternal(HeaderWriterFilter.java:75)
    org.springframework.web.filter.OncePerRequestFilter.doFilter(OncePerRequestFilter.java:116)
    org.springframework.security.web.FilterChainProxy$VirtualFilterChain.doFilter(FilterChainProxy.java:374)
    org.springframework.security.web.context.SecurityContextHolderFilter.doFilter(SecurityContextHolderFilter.java:82)
    org.springframework.security.web.context.SecurityContextHolderFilter.doFilter(SecurityContextHolderFilter.java:69)
    org.springframework.security.web.FilterChainProxy$VirtualFilterChain.doFilter(FilterChainProxy.java:374)
    org.springframework.security.web.context.request.async.WebAsyncManagerIntegrationFilter.doFilterInternal(WebAsyncManagerIntegrationFilter.java:62)
    org.springframework.web.filter.OncePerRequestFilter.doFilter(OncePerRequestFilter.java:116)
    org.springframework.security.web.FilterChainProxy$VirtualFilterChain.doFilter(FilterChainProxy.java:374)
    org.springframework.security.web.session.DisableEncodeUrlFilter.doFilterInternal(DisableEncodeUrlFilter.java:42)
    org.springframework.web.filter.OncePerRequestFilter.doFilter(OncePerRequestFilter.java:116)
    org.springframework.security.web.FilterChainProxy$VirtualFilterChain.doFilter(FilterChainProxy.java:374)
    org.springframework.security.web.FilterChainProxy.doFilterInternal(FilterChainProxy.java:233)
    org.springframework.security.web.FilterChainProxy.doFilter(FilterChainProxy.java:191)
    org.springframework.web.filter.CompositeFilter$VirtualFilterChain.doFilter(CompositeFilter.java:113)
    org.springframework.web.filter.ServletRequestPathFilter.doFilter(ServletRequestPathFilter.java:52)
    org.springframework.web.filter.CompositeFilter$VirtualFilterChain.doFilter(CompositeFilter.java:113)
    org.springframework.web.filter.CompositeFilter.doFilter(CompositeFilter.java:74)
    org.springframework.security.config.annotation.web.configuration.WebSecurityConfiguration$CompositeFilterChainProxy.doFilter(WebSecurityConfiguration.java:319)
    org.springframework.web.filter.CompositeFilter$VirtualFilterChain.doFilter(CompositeFilter.java:113)
    org.springframework.web.servlet.handler.HandlerMappingIntrospector.lambda$createCacheFilter$3(HandlerMappingIntrospector.java:243)
    org.springframework.web.filter.CompositeFilter$VirtualFilterChain.doFilter(CompositeFilter.java:113)
    org.springframework.web.filter.CompositeFilter.doFilter(CompositeFilter.java:74)
    org.springframework.security.config.annotation.web.configuration.WebMvcSecurityConfiguration$CompositeFilterChainProxy.doFilter(WebMvcSecurityConfiguration.java:240)
    org.springframework.web.filter.DelegatingFilterProxy.invokeDelegate(DelegatingFilterProxy.java:362)
    org.springframework.web.filter.DelegatingFilterProxy.doFilter(DelegatingFilterProxy.java:278)
    org.apache.catalina.core.ApplicationFilterChain.internalDoFilter(ApplicationFilterChain.java:164)
    org.apache.catalina.core.ApplicationFilterChain.doFilter(ApplicationFilterChain.java:140)
    org.springframework.web.filter.RequestContextFilter.doFilterInternal(RequestContextFilter.java:100)
    org.springframework.web.filter.OncePerRequestFilter.doFilter(OncePerRequestFilter.java:116)
    org.apache.catalina.core.ApplicationFilterChain.internalDoFilter(ApplicationFilterChain.java:164)
    org.apache.catalina.core.ApplicationFilterChain.doFilter(ApplicationFilterChain.java:140)
    org.springframework.web.filter.FormContentFilter.doFilterInternal(FormContentFilter.java:93)
    org.springframework.web.filter.OncePerRequestFilter.doFilter(OncePerRequestFilter.java:116)
    org.apache.catalina.core.ApplicationFilterChain.internalDoFilter(ApplicationFilterChain.java:164)
    org.apache.catalina.core.ApplicationFilterChain.doFilter(ApplicationFilterChain.java:140)
    org.springframework.session.web.http.SessionRepositoryFilter.doFilterInternal(SessionRepositoryFilter.java:142)
    org.springframework.session.web.http.OncePerRequestFilter.doFilter(OncePerRequestFilter.java:82)
    org.springframework.web.filter.DelegatingFilterProxy.invokeDelegate(DelegatingFilterProxy.java:362)
    org.springframework.web.filter.DelegatingFilterProxy.doFilter(DelegatingFilterProxy.java:278)
    org.apache.catalina.core.ApplicationFilterChain.internalDoFilter(ApplicationFilterChain.java:164)
    org.apache.catalina.core.ApplicationFilterChain.doFilter(ApplicationFilterChain.java:140)
    com.botfunnel.webhook.WebhookPayloadSizeFilter.doFilterInternal(WebhookPayloadSizeFilter.java:65)
    org.springframework.web.filter.OncePerRequestFilter.doFilter(OncePerRequestFilter.java:116)
    org.apache.catalina.core.ApplicationFilterChain.internalDoFilter(ApplicationFilterChain.java:164)
    org.apache.catalina.core.ApplicationFilterChain.doFilter(ApplicationFilterChain.java:140)
    org.springframework.web.filter.CharacterEncodingFilter.doFilterInternal(CharacterEncodingFilter.java:201)
    org.springframework.web.filter.OncePerRequestFilter.doFilter(OncePerRequestFilter.java:116)
    org.apache.catalina.core.ApplicationFilterChain.internalDoFilter(ApplicationFilterChain.java:164)
    org.apache.catalina.core.ApplicationFilterChain.doFilter(ApplicationFilterChain.java:140)
    org.apache.catalina.core.StandardWrapperValve.invoke(StandardWrapperValve.java:167)
    org.apache.catalina.core.StandardContextValve.invoke(StandardContextValve.java:90)
    org.apache.catalina.authenticator.AuthenticatorBase.invoke(AuthenticatorBase.java:483)
    org.apache.catalina.core.StandardHostValve.invoke(StandardHostValve.java:116)
    org.apache.catalina.valves.ErrorReportValve.invoke(ErrorReportValve.java:93)
    org.apache.catalina.core.StandardEngineValve.invoke(StandardEngineValve.java:74)
    org.apache.catalina.connector.CoyoteAdapter.service(CoyoteAdapter.java:344)
    org.apache.coyote.http11.Http11Processor.service(Http11Processor.java:398)
    org.apache.coyote.AbstractProcessorLight.process(AbstractProcessorLight.java:63)
    org.apache.coyote.AbstractProtocol$ConnectionHandler.process(AbstractProtocol.java:903)
    org.apache.tomcat.util.net.NioEndpoint$SocketProcessor.doRun(NioEndpoint.java:1740)
    org.apache.tomcat.util.net.SocketProcessorBase.run(SocketProcessorBase.java:52)
    java.base/java.lang.VirtualThread.run(VirtualThread.java:329)
VirtualThread[#81,tomcat-handler-9]/runnable@ForkJoinPool-1-worker-4 reason:MONITOR
    java.base/java.lang.VirtualThread$VThreadContinuation.onPinned(VirtualThread.java:199)
    java.base/jdk.internal.vm.Continuation.onPinned0(Continuation.java:393)
    java.base/java.lang.VirtualThread.park(VirtualThread.java:596)
    java.base/java.lang.System$2.parkVirtualThread(System.java:2643)
    java.base/jdk.internal.misc.VirtualThreads.park(VirtualThreads.java:54)
    java.base/java.util.concurrent.locks.LockSupport.park(LockSupport.java:369)
    java.base/sun.nio.ch.Poller.pollIndirect(Poller.java:139)
    java.base/sun.nio.ch.Poller.poll(Poller.java:102)
    java.base/sun.nio.ch.Poller.poll(Poller.java:87)
    java.base/sun.nio.ch.NioSocketImpl.park(NioSocketImpl.java:175)
    java.base/sun.nio.ch.NioSocketImpl.park(NioSocketImpl.java:201)
    java.base/sun.nio.ch.NioSocketImpl.implRead(NioSocketImpl.java:309)
    java.base/sun.nio.ch.NioSocketImpl.read(NioSocketImpl.java:346)
    java.base/sun.nio.ch.NioSocketImpl$1.read(NioSocketImpl.java:796)
    java.base/java.net.Socket$SocketInputStream.read(Socket.java:1099)
    org.eclipse.angus.mail.util.TraceInputStream.read(TraceInputStream.java:107)
    java.base/java.io.BufferedInputStream.fill(BufferedInputStream.java:291)
    java.base/java.io.BufferedInputStream.implRead(BufferedInputStream.java:325)
    java.base/java.io.BufferedInputStream.read(BufferedInputStream.java:312)
    org.eclipse.angus.mail.util.LineInputStream.readLine(LineInputStream.java:104)
    org.eclipse.angus.mail.smtp.SMTPTransport.readServerResponse(SMTPTransport.java:2489)
    org.eclipse.angus.mail.smtp.SMTPTransport.openServer(SMTPTransport.java:2205)
    org.eclipse.angus.mail.smtp.SMTPTransport.protocolConnect(SMTPTransport.java:729) <== monitors:1
    jakarta.mail.Service.connect(Service.java:345) <== monitors:1
    org.springframework.mail.javamail.JavaMailSenderImpl.connectTransport(JavaMailSenderImpl.java:480)
    org.springframework.mail.javamail.JavaMailSenderImpl.doSend(JavaMailSenderImpl.java:399)
    org.springframework.mail.javamail.JavaMailSenderImpl.send(JavaMailSenderImpl.java:350)
    org.springframework.mail.javamail.JavaMailSender.send(JavaMailSender.java:101)
    com.botfunnel.email.EmailService.sendAsync(EmailService.java:90)
    com.botfunnel.email.EmailService.sendVerificationEmail(EmailService.java:35)
    com.botfunnel.auth.AuthService.register(AuthService.java:167)
    com.botfunnel.auth.AuthController.register(AuthController.java:51)
    java.base/jdk.internal.reflect.DirectMethodHandleAccessor.invoke(DirectMethodHandleAccessor.java:103)
    java.base/java.lang.reflect.Method.invoke(Method.java:580)
    org.springframework.web.method.support.InvocableHandlerMethod.doInvoke(InvocableHandlerMethod.java:258)
    org.springframework.web.method.support.InvocableHandlerMethod.invokeForRequest(InvocableHandlerMethod.java:191)
    org.springframework.web.servlet.mvc.method.annotation.ServletInvocableHandlerMethod.invokeAndHandle(ServletInvocableHandlerMethod.java:118)
    org.springframework.web.servlet.mvc.method.annotation.RequestMappingHandlerAdapter.invokeHandlerMethod(RequestMappingHandlerAdapter.java:986)
    org.springframework.web.servlet.mvc.method.annotation.RequestMappingHandlerAdapter.handleInternal(RequestMappingHandlerAdapter.java:891)
    org.springframework.web.servlet.mvc.method.AbstractHandlerMethodAdapter.handle(AbstractHandlerMethodAdapter.java:87)
    org.springframework.web.servlet.DispatcherServlet.doDispatch(DispatcherServlet.java:1089)
    org.springframework.web.servlet.DispatcherServlet.doService(DispatcherServlet.java:979)
    org.springframework.web.servlet.FrameworkServlet.processRequest(FrameworkServlet.java:1014)
    org.springframework.web.servlet.FrameworkServlet.doPost(FrameworkServlet.java:914)
    jakarta.servlet.http.HttpServlet.service(HttpServlet.java:590)
    org.springframework.web.servlet.FrameworkServlet.service(FrameworkServlet.java:885)
    jakarta.servlet.http.HttpServlet.service(HttpServlet.java:658)
    org.apache.catalina.core.ApplicationFilterChain.internalDoFilter(ApplicationFilterChain.java:195)
    org.apache.catalina.core.ApplicationFilterChain.doFilter(ApplicationFilterChain.java:140)
    org.apache.tomcat.websocket.server.WsFilter.doFilter(WsFilter.java:51)
    org.apache.catalina.core.ApplicationFilterChain.internalDoFilter(ApplicationFilterChain.java:164)
    org.apache.catalina.core.ApplicationFilterChain.doFilter(ApplicationFilterChain.java:140)
    org.springframework.web.filter.CompositeFilter$VirtualFilterChain.doFilter(CompositeFilter.java:108)
    org.springframework.web.filter.CompositeFilter$VirtualFilterChain.doFilter(CompositeFilter.java:108)
    org.springframework.security.web.FilterChainProxy.lambda$doFilterInternal$3(FilterChainProxy.java:231)
    org.springframework.security.web.FilterChainProxy$VirtualFilterChain.doFilter(FilterChainProxy.java:365)
    org.springframework.security.web.access.intercept.AuthorizationFilter.doFilter(AuthorizationFilter.java:101)
    org.springframework.security.web.FilterChainProxy$VirtualFilterChain.doFilter(FilterChainProxy.java:374)
    org.springframework.security.web.access.ExceptionTranslationFilter.doFilter(ExceptionTranslationFilter.java:125)
    org.springframework.security.web.access.ExceptionTranslationFilter.doFilter(ExceptionTranslationFilter.java:119)
    org.springframework.security.web.FilterChainProxy$VirtualFilterChain.doFilter(FilterChainProxy.java:374)
    org.springframework.security.web.authentication.AnonymousAuthenticationFilter.doFilter(AnonymousAuthenticationFilter.java:100)
    org.springframework.security.web.FilterChainProxy$VirtualFilterChain.doFilter(FilterChainProxy.java:374)
    org.springframework.security.web.servletapi.SecurityContextHolderAwareRequestFilter.doFilter(SecurityContextHolderAwareRequestFilter.java:179)
    org.springframework.security.web.FilterChainProxy$VirtualFilterChain.doFilter(FilterChainProxy.java:374)
    org.springframework.security.web.savedrequest.RequestCacheAwareFilter.doFilter(RequestCacheAwareFilter.java:63)
    org.springframework.security.web.FilterChainProxy$VirtualFilterChain.doFilter(FilterChainProxy.java:374)
    org.springframework.security.web.authentication.logout.LogoutFilter.doFilter(LogoutFilter.java:107)
    org.springframework.security.web.authentication.logout.LogoutFilter.doFilter(LogoutFilter.java:93)
    org.springframework.security.web.FilterChainProxy$VirtualFilterChain.doFilter(FilterChainProxy.java:374)
    com.botfunnel.security.SecurityConfig$CsrfCookieMaterializer.doFilterInternal(SecurityConfig.java:127)
    org.springframework.web.filter.OncePerRequestFilter.doFilter(OncePerRequestFilter.java:116)
    org.springframework.security.web.FilterChainProxy$VirtualFilterChain.doFilter(FilterChainProxy.java:374)
    org.springframework.security.web.csrf.CsrfFilter.doFilterInternal(CsrfFilter.java:134)
    org.springframework.web.filter.OncePerRequestFilter.doFilter(OncePerRequestFilter.java:116)
    org.springframework.security.web.FilterChainProxy$VirtualFilterChain.doFilter(FilterChainProxy.java:374)
    org.springframework.web.filter.CorsFilter.doFilterInternal(CorsFilter.java:91)
    org.springframework.web.filter.OncePerRequestFilter.doFilter(OncePerRequestFilter.java:116)
    org.springframework.security.web.FilterChainProxy$VirtualFilterChain.doFilter(FilterChainProxy.java:374)
    org.springframework.security.web.header.HeaderWriterFilter.doHeadersAfter(HeaderWriterFilter.java:90)
    org.springframework.security.web.header.HeaderWriterFilter.doFilterInternal(HeaderWriterFilter.java:75)
    org.springframework.web.filter.OncePerRequestFilter.doFilter(OncePerRequestFilter.java:116)
    org.springframework.security.web.FilterChainProxy$VirtualFilterChain.doFilter(FilterChainProxy.java:374)
    org.springframework.security.web.context.SecurityContextHolderFilter.doFilter(SecurityContextHolderFilter.java:82)
    org.springframework.security.web.context.SecurityContextHolderFilter.doFilter(SecurityContextHolderFilter.java:69)
    org.springframework.security.web.FilterChainProxy$VirtualFilterChain.doFilter(FilterChainProxy.java:374)
    org.springframework.security.web.context.request.async.WebAsyncManagerIntegrationFilter.doFilterInternal(WebAsyncManagerIntegrationFilter.java:62)
    org.springframework.web.filter.OncePerRequestFilter.doFilter(OncePerRequestFilter.java:116)
    org.springframework.security.web.FilterChainProxy$VirtualFilterChain.doFilter(FilterChainProxy.java:374)
    org.springframework.security.web.session.DisableEncodeUrlFilter.doFilterInternal(DisableEncodeUrlFilter.java:42)
    org.springframework.web.filter.OncePerRequestFilter.doFilter(OncePerRequestFilter.java:116)
    org.springframework.security.web.FilterChainProxy$VirtualFilterChain.doFilter(FilterChainProxy.java:374)
    org.springframework.security.web.FilterChainProxy.doFilterInternal(FilterChainProxy.java:233)
    org.springframework.security.web.FilterChainProxy.doFilter(FilterChainProxy.java:191)
    org.springframework.web.filter.CompositeFilter$VirtualFilterChain.doFilter(CompositeFilter.java:113)
    org.springframework.web.filter.ServletRequestPathFilter.doFilter(ServletRequestPathFilter.java:52)
    org.springframework.web.filter.CompositeFilter$VirtualFilterChain.doFilter(CompositeFilter.java:113)
    org.springframework.web.filter.CompositeFilter.doFilter(CompositeFilter.java:74)
    org.springframework.security.config.annotation.web.configuration.WebSecurityConfiguration$CompositeFilterChainProxy.doFilter(WebSecurityConfiguration.java:319)
    org.springframework.web.filter.CompositeFilter$VirtualFilterChain.doFilter(CompositeFilter.java:113)
    org.springframework.web.servlet.handler.HandlerMappingIntrospector.lambda$createCacheFilter$3(HandlerMappingIntrospector.java:243)
    org.springframework.web.filter.CompositeFilter$VirtualFilterChain.doFilter(CompositeFilter.java:113)
    org.springframework.web.filter.CompositeFilter.doFilter(CompositeFilter.java:74)
    org.springframework.security.config.annotation.web.configuration.WebMvcSecurityConfiguration$CompositeFilterChainProxy.doFilter(WebMvcSecurityConfiguration.java:240)
    org.springframework.web.filter.DelegatingFilterProxy.invokeDelegate(DelegatingFilterProxy.java:362)
    org.springframework.web.filter.DelegatingFilterProxy.doFilter(DelegatingFilterProxy.java:278)
    org.apache.catalina.core.ApplicationFilterChain.internalDoFilter(ApplicationFilterChain.java:164)
    org.apache.catalina.core.ApplicationFilterChain.doFilter(ApplicationFilterChain.java:140)
    org.springframework.web.filter.RequestContextFilter.doFilterInternal(RequestContextFilter.java:100)
    org.springframework.web.filter.OncePerRequestFilter.doFilter(OncePerRequestFilter.java:116)
    org.apache.catalina.core.ApplicationFilterChain.internalDoFilter(ApplicationFilterChain.java:164)
    org.apache.catalina.core.ApplicationFilterChain.doFilter(ApplicationFilterChain.java:140)
    org.springframework.web.filter.FormContentFilter.doFilterInternal(FormContentFilter.java:93)
    org.springframework.web.filter.OncePerRequestFilter.doFilter(OncePerRequestFilter.java:116)
    org.apache.catalina.core.ApplicationFilterChain.internalDoFilter(ApplicationFilterChain.java:164)
    org.apache.catalina.core.ApplicationFilterChain.doFilter(ApplicationFilterChain.java:140)
    org.springframework.session.web.http.SessionRepositoryFilter.doFilterInternal(SessionRepositoryFilter.java:142)
    org.springframework.session.web.http.OncePerRequestFilter.doFilter(OncePerRequestFilter.java:82)
    org.springframework.web.filter.DelegatingFilterProxy.invokeDelegate(DelegatingFilterProxy.java:362)
    org.springframework.web.filter.DelegatingFilterProxy.doFilter(DelegatingFilterProxy.java:278)
    org.apache.catalina.core.ApplicationFilterChain.internalDoFilter(ApplicationFilterChain.java:164)
    org.apache.catalina.core.ApplicationFilterChain.doFilter(ApplicationFilterChain.java:140)
    com.botfunnel.webhook.WebhookPayloadSizeFilter.doFilterInternal(WebhookPayloadSizeFilter.java:65)
    org.springframework.web.filter.OncePerRequestFilter.doFilter(OncePerRequestFilter.java:116)
    org.apache.catalina.core.ApplicationFilterChain.internalDoFilter(ApplicationFilterChain.java:164)
    org.apache.catalina.core.ApplicationFilterChain.doFilter(ApplicationFilterChain.java:140)
    org.springframework.web.filter.CharacterEncodingFilter.doFilterInternal(CharacterEncodingFilter.java:201)
    org.springframework.web.filter.OncePerRequestFilter.doFilter(OncePerRequestFilter.java:116)
    org.apache.catalina.core.ApplicationFilterChain.internalDoFilter(ApplicationFilterChain.java:164)
    org.apache.catalina.core.ApplicationFilterChain.doFilter(ApplicationFilterChain.java:140)
    org.apache.catalina.core.StandardWrapperValve.invoke(StandardWrapperValve.java:167)
    org.apache.catalina.core.StandardContextValve.invoke(StandardContextValve.java:90)
    org.apache.catalina.authenticator.AuthenticatorBase.invoke(AuthenticatorBase.java:483)
    org.apache.catalina.core.StandardHostValve.invoke(StandardHostValve.java:116)
    org.apache.catalina.valves.ErrorReportValve.invoke(ErrorReportValve.java:93)
    org.apache.catalina.core.StandardEngineValve.invoke(StandardEngineValve.java:74)
    org.apache.catalina.connector.CoyoteAdapter.service(CoyoteAdapter.java:344)
    org.apache.coyote.http11.Http11Processor.service(Http11Processor.java:398)
    org.apache.coyote.AbstractProcessorLight.process(AbstractProcessorLight.java:63)
    org.apache.coyote.AbstractProtocol$ConnectionHandler.process(AbstractProtocol.java:903)
    org.apache.tomcat.util.net.NioEndpoint$SocketProcessor.doRun(NioEndpoint.java:1740)
    org.apache.tomcat.util.net.SocketProcessorBase.run(SocketProcessorBase.java:52)
    java.base/java.lang.VirtualThread.run(VirtualThread.java:329)
VirtualThread[#81,tomcat-handler-9]/runnable@ForkJoinPool-1-worker-4 reason:MONITOR
    java.base/java.lang.VirtualThread$VThreadContinuation.onPinned(VirtualThread.java:199)
    java.base/jdk.internal.vm.Continuation.onPinned0(Continuation.java:393)
    java.base/java.lang.VirtualThread.park(VirtualThread.java:596)
    java.base/java.lang.System$2.parkVirtualThread(System.java:2643)
    java.base/jdk.internal.misc.VirtualThreads.park(VirtualThreads.java:54)
    java.base/java.util.concurrent.locks.LockSupport.park(LockSupport.java:369)
    java.base/sun.nio.ch.Poller.pollIndirect(Poller.java:139)
    java.base/sun.nio.ch.Poller.poll(Poller.java:102)
    java.base/sun.nio.ch.Poller.poll(Poller.java:87)
    java.base/sun.nio.ch.NioSocketImpl.park(NioSocketImpl.java:175)
    java.base/sun.nio.ch.NioSocketImpl.park(NioSocketImpl.java:201)
    java.base/sun.nio.ch.NioSocketImpl.implRead(NioSocketImpl.java:309)
    java.base/sun.nio.ch.NioSocketImpl.read(NioSocketImpl.java:346)
    java.base/sun.nio.ch.NioSocketImpl$1.read(NioSocketImpl.java:796)
    java.base/java.net.Socket$SocketInputStream.read(Socket.java:1099)
    org.eclipse.angus.mail.util.TraceInputStream.read(TraceInputStream.java:107)
    java.base/java.io.BufferedInputStream.fill(BufferedInputStream.java:291)
    java.base/java.io.BufferedInputStream.implRead(BufferedInputStream.java:325)
    java.base/java.io.BufferedInputStream.read(BufferedInputStream.java:312)
    org.eclipse.angus.mail.util.LineInputStream.readLine(LineInputStream.java:104)
    org.eclipse.angus.mail.smtp.SMTPTransport.readServerResponse(SMTPTransport.java:2489)
    org.eclipse.angus.mail.smtp.SMTPTransport.ehlo(SMTPTransport.java:1687)
    org.eclipse.angus.mail.smtp.SMTPTransport.protocolConnect(SMTPTransport.java:733) <== monitors:1
    jakarta.mail.Service.connect(Service.java:345) <== monitors:1
    org.springframework.mail.javamail.JavaMailSenderImpl.connectTransport(JavaMailSenderImpl.java:480)
    org.springframework.mail.javamail.JavaMailSenderImpl.doSend(JavaMailSenderImpl.java:399)
    org.springframework.mail.javamail.JavaMailSenderImpl.send(JavaMailSenderImpl.java:350)
    org.springframework.mail.javamail.JavaMailSender.send(JavaMailSender.java:101)
    com.botfunnel.email.EmailService.sendAsync(EmailService.java:90)
    com.botfunnel.email.EmailService.sendVerificationEmail(EmailService.java:35)
    com.botfunnel.auth.AuthService.register(AuthService.java:167)
    com.botfunnel.auth.AuthController.register(AuthController.java:51)
    java.base/jdk.internal.reflect.DirectMethodHandleAccessor.invoke(DirectMethodHandleAccessor.java:103)
    java.base/java.lang.reflect.Method.invoke(Method.java:580)
    org.springframework.web.method.support.InvocableHandlerMethod.doInvoke(InvocableHandlerMethod.java:258)
    org.springframework.web.method.support.InvocableHandlerMethod.invokeForRequest(InvocableHandlerMethod.java:191)
    org.springframework.web.servlet.mvc.method.annotation.ServletInvocableHandlerMethod.invokeAndHandle(ServletInvocableHandlerMethod.java:118)
    org.springframework.web.servlet.mvc.method.annotation.RequestMappingHandlerAdapter.invokeHandlerMethod(RequestMappingHandlerAdapter.java:986)
    org.springframework.web.servlet.mvc.method.annotation.RequestMappingHandlerAdapter.handleInternal(RequestMappingHandlerAdapter.java:891)
    org.springframework.web.servlet.mvc.method.AbstractHandlerMethodAdapter.handle(AbstractHandlerMethodAdapter.java:87)
    org.springframework.web.servlet.DispatcherServlet.doDispatch(DispatcherServlet.java:1089)
    org.springframework.web.servlet.DispatcherServlet.doService(DispatcherServlet.java:979)
    org.springframework.web.servlet.FrameworkServlet.processRequest(FrameworkServlet.java:1014)
    org.springframework.web.servlet.FrameworkServlet.doPost(FrameworkServlet.java:914)
    jakarta.servlet.http.HttpServlet.service(HttpServlet.java:590)
    org.springframework.web.servlet.FrameworkServlet.service(FrameworkServlet.java:885)
    jakarta.servlet.http.HttpServlet.service(HttpServlet.java:658)
    org.apache.catalina.core.ApplicationFilterChain.internalDoFilter(ApplicationFilterChain.java:195)
    org.apache.catalina.core.ApplicationFilterChain.doFilter(ApplicationFilterChain.java:140)
    org.apache.tomcat.websocket.server.WsFilter.doFilter(WsFilter.java:51)
    org.apache.catalina.core.ApplicationFilterChain.internalDoFilter(ApplicationFilterChain.java:164)
    org.apache.catalina.core.ApplicationFilterChain.doFilter(ApplicationFilterChain.java:140)
    org.springframework.web.filter.CompositeFilter$VirtualFilterChain.doFilter(CompositeFilter.java:108)
    org.springframework.web.filter.CompositeFilter$VirtualFilterChain.doFilter(CompositeFilter.java:108)
    org.springframework.security.web.FilterChainProxy.lambda$doFilterInternal$3(FilterChainProxy.java:231)
    org.springframework.security.web.FilterChainProxy$VirtualFilterChain.doFilter(FilterChainProxy.java:365)
    org.springframework.security.web.access.intercept.AuthorizationFilter.doFilter(AuthorizationFilter.java:101)
    org.springframework.security.web.FilterChainProxy$VirtualFilterChain.doFilter(FilterChainProxy.java:374)
    org.springframework.security.web.access.ExceptionTranslationFilter.doFilter(ExceptionTranslationFilter.java:125)
    org.springframework.security.web.access.ExceptionTranslationFilter.doFilter(ExceptionTranslationFilter.java:119)
    org.springframework.security.web.FilterChainProxy$VirtualFilterChain.doFilter(FilterChainProxy.java:374)
    org.springframework.security.web.authentication.AnonymousAuthenticationFilter.doFilter(AnonymousAuthenticationFilter.java:100)
    org.springframework.security.web.FilterChainProxy$VirtualFilterChain.doFilter(FilterChainProxy.java:374)
    org.springframework.security.web.servletapi.SecurityContextHolderAwareRequestFilter.doFilter(SecurityContextHolderAwareRequestFilter.java:179)
    org.springframework.security.web.FilterChainProxy$VirtualFilterChain.doFilter(FilterChainProxy.java:374)
    org.springframework.security.web.savedrequest.RequestCacheAwareFilter.doFilter(RequestCacheAwareFilter.java:63)
    org.springframework.security.web.FilterChainProxy$VirtualFilterChain.doFilter(FilterChainProxy.java:374)
    org.springframework.security.web.authentication.logout.LogoutFilter.doFilter(LogoutFilter.java:107)
    org.springframework.security.web.authentication.logout.LogoutFilter.doFilter(LogoutFilter.java:93)
    org.springframework.security.web.FilterChainProxy$VirtualFilterChain.doFilter(FilterChainProxy.java:374)
    com.botfunnel.security.SecurityConfig$CsrfCookieMaterializer.doFilterInternal(SecurityConfig.java:127)
    org.springframework.web.filter.OncePerRequestFilter.doFilter(OncePerRequestFilter.java:116)
    org.springframework.security.web.FilterChainProxy$VirtualFilterChain.doFilter(FilterChainProxy.java:374)
    org.springframework.security.web.csrf.CsrfFilter.doFilterInternal(CsrfFilter.java:134)
    org.springframework.web.filter.OncePerRequestFilter.doFilter(OncePerRequestFilter.java:116)
    org.springframework.security.web.FilterChainProxy$VirtualFilterChain.doFilter(FilterChainProxy.java:374)
    org.springframework.web.filter.CorsFilter.doFilterInternal(CorsFilter.java:91)
    org.springframework.web.filter.OncePerRequestFilter.doFilter(OncePerRequestFilter.java:116)
    org.springframework.security.web.FilterChainProxy$VirtualFilterChain.doFilter(FilterChainProxy.java:374)
    org.springframework.security.web.header.HeaderWriterFilter.doHeadersAfter(HeaderWriterFilter.java:90)
    org.springframework.security.web.header.HeaderWriterFilter.doFilterInternal(HeaderWriterFilter.java:75)
    org.springframework.web.filter.OncePerRequestFilter.doFilter(OncePerRequestFilter.java:116)
    org.springframework.security.web.FilterChainProxy$VirtualFilterChain.doFilter(FilterChainProxy.java:374)
    org.springframework.security.web.context.SecurityContextHolderFilter.doFilter(SecurityContextHolderFilter.java:82)
    org.springframework.security.web.context.SecurityContextHolderFilter.doFilter(SecurityContextHolderFilter.java:69)
    org.springframework.security.web.FilterChainProxy$VirtualFilterChain.doFilter(FilterChainProxy.java:374)
    org.springframework.security.web.context.request.async.WebAsyncManagerIntegrationFilter.doFilterInternal(WebAsyncManagerIntegrationFilter.java:62)
    org.springframework.web.filter.OncePerRequestFilter.doFilter(OncePerRequestFilter.java:116)
    org.springframework.security.web.FilterChainProxy$VirtualFilterChain.doFilter(FilterChainProxy.java:374)
    org.springframework.security.web.session.DisableEncodeUrlFilter.doFilterInternal(DisableEncodeUrlFilter.java:42)
    org.springframework.web.filter.OncePerRequestFilter.doFilter(OncePerRequestFilter.java:116)
    org.springframework.security.web.FilterChainProxy$VirtualFilterChain.doFilter(FilterChainProxy.java:374)
    org.springframework.security.web.FilterChainProxy.doFilterInternal(FilterChainProxy.java:233)
    org.springframework.security.web.FilterChainProxy.doFilter(FilterChainProxy.java:191)
    org.springframework.web.filter.CompositeFilter$VirtualFilterChain.doFilter(CompositeFilter.java:113)
    org.springframework.web.filter.ServletRequestPathFilter.doFilter(ServletRequestPathFilter.java:52)
    org.springframework.web.filter.CompositeFilter$VirtualFilterChain.doFilter(CompositeFilter.java:113)
    org.springframework.web.filter.CompositeFilter.doFilter(CompositeFilter.java:74)
    org.springframework.security.config.annotation.web.configuration.WebSecurityConfiguration$CompositeFilterChainProxy.doFilter(WebSecurityConfiguration.java:319)
    org.springframework.web.filter.CompositeFilter$VirtualFilterChain.doFilter(CompositeFilter.java:113)
    org.springframework.web.servlet.handler.HandlerMappingIntrospector.lambda$createCacheFilter$3(HandlerMappingIntrospector.java:243)
    org.springframework.web.filter.CompositeFilter$VirtualFilterChain.doFilter(CompositeFilter.java:113)
    org.springframework.web.filter.CompositeFilter.doFilter(CompositeFilter.java:74)
    org.springframework.security.config.annotation.web.configuration.WebMvcSecurityConfiguration$CompositeFilterChainProxy.doFilter(WebMvcSecurityConfiguration.java:240)
    org.springframework.web.filter.DelegatingFilterProxy.invokeDelegate(DelegatingFilterProxy.java:362)
    org.springframework.web.filter.DelegatingFilterProxy.doFilter(DelegatingFilterProxy.java:278)
    org.apache.catalina.core.ApplicationFilterChain.internalDoFilter(ApplicationFilterChain.java:164)
    org.apache.catalina.core.ApplicationFilterChain.doFilter(ApplicationFilterChain.java:140)
    org.springframework.web.filter.RequestContextFilter.doFilterInternal(RequestContextFilter.java:100)
    org.springframework.web.filter.OncePerRequestFilter.doFilter(OncePerRequestFilter.java:116)
    org.apache.catalina.core.ApplicationFilterChain.internalDoFilter(ApplicationFilterChain.java:164)
    org.apache.catalina.core.ApplicationFilterChain.doFilter(ApplicationFilterChain.java:140)
    org.springframework.web.filter.FormContentFilter.doFilterInternal(FormContentFilter.java:93)
    org.springframework.web.filter.OncePerRequestFilter.doFilter(OncePerRequestFilter.java:116)
    org.apache.catalina.core.ApplicationFilterChain.internalDoFilter(ApplicationFilterChain.java:164)
    org.apache.catalina.core.ApplicationFilterChain.doFilter(ApplicationFilterChain.java:140)
    org.springframework.session.web.http.SessionRepositoryFilter.doFilterInternal(SessionRepositoryFilter.java:142)
    org.springframework.session.web.http.OncePerRequestFilter.doFilter(OncePerRequestFilter.java:82)
    org.springframework.web.filter.DelegatingFilterProxy.invokeDelegate(DelegatingFilterProxy.java:362)
    org.springframework.web.filter.DelegatingFilterProxy.doFilter(DelegatingFilterProxy.java:278)
    org.apache.catalina.core.ApplicationFilterChain.internalDoFilter(ApplicationFilterChain.java:164)
    org.apache.catalina.core.ApplicationFilterChain.doFilter(ApplicationFilterChain.java:140)
    com.botfunnel.webhook.WebhookPayloadSizeFilter.doFilterInternal(WebhookPayloadSizeFilter.java:65)
    org.springframework.web.filter.OncePerRequestFilter.doFilter(OncePerRequestFilter.java:116)
    org.apache.catalina.core.ApplicationFilterChain.internalDoFilter(ApplicationFilterChain.java:164)
    org.apache.catalina.core.ApplicationFilterChain.doFilter(ApplicationFilterChain.java:140)
    org.springframework.web.filter.CharacterEncodingFilter.doFilterInternal(CharacterEncodingFilter.java:201)
    org.springframework.web.filter.OncePerRequestFilter.doFilter(OncePerRequestFilter.java:116)
    org.apache.catalina.core.ApplicationFilterChain.internalDoFilter(ApplicationFilterChain.java:164)
    org.apache.catalina.core.ApplicationFilterChain.doFilter(ApplicationFilterChain.java:140)
    org.apache.catalina.core.StandardWrapperValve.invoke(StandardWrapperValve.java:167)
    org.apache.catalina.core.StandardContextValve.invoke(StandardContextValve.java:90)
    org.apache.catalina.authenticator.AuthenticatorBase.invoke(AuthenticatorBase.java:483)
    org.apache.catalina.core.StandardHostValve.invoke(StandardHostValve.java:116)
    org.apache.catalina.valves.ErrorReportValve.invoke(ErrorReportValve.java:93)
    org.apache.catalina.core.StandardEngineValve.invoke(StandardEngineValve.java:74)
    org.apache.catalina.connector.CoyoteAdapter.service(CoyoteAdapter.java:344)
    org.apache.coyote.http11.Http11Processor.service(Http11Processor.java:398)
    org.apache.coyote.AbstractProcessorLight.process(AbstractProcessorLight.java:63)
    org.apache.coyote.AbstractProtocol$ConnectionHandler.process(AbstractProtocol.java:903)
    org.apache.tomcat.util.net.NioEndpoint$SocketProcessor.doRun(NioEndpoint.java:1740)
    org.apache.tomcat.util.net.SocketProcessorBase.run(SocketProcessorBase.java:52)
    java.base/java.lang.VirtualThread.run(VirtualThread.java:329)
VirtualThread[#81,tomcat-handler-9]/runnable@ForkJoinPool-1-worker-4 reason:MONITOR
    java.base/java.lang.VirtualThread$VThreadContinuation.onPinned(VirtualThread.java:199)
    java.base/jdk.internal.vm.Continuation.onPinned0(Continuation.java:393)
    java.base/java.lang.VirtualThread.park(VirtualThread.java:596)
    java.base/java.lang.System$2.parkVirtualThread(System.java:2643)
    java.base/jdk.internal.misc.VirtualThreads.park(VirtualThreads.java:54)
    java.base/java.util.concurrent.locks.LockSupport.park(LockSupport.java:369)
    java.base/sun.nio.ch.Poller.pollIndirect(Poller.java:139)
    java.base/sun.nio.ch.Poller.poll(Poller.java:102)
    java.base/sun.nio.ch.Poller.poll(Poller.java:87)
    java.base/sun.nio.ch.NioSocketImpl.park(NioSocketImpl.java:175)
    java.base/sun.nio.ch.NioSocketImpl.park(NioSocketImpl.java:201)
    java.base/sun.nio.ch.NioSocketImpl.implRead(NioSocketImpl.java:309)
    java.base/sun.nio.ch.NioSocketImpl.read(NioSocketImpl.java:346)
    java.base/sun.nio.ch.NioSocketImpl$1.read(NioSocketImpl.java:796)
    java.base/java.net.Socket$SocketInputStream.read(Socket.java:1099)
    org.eclipse.angus.mail.util.TraceInputStream.read(TraceInputStream.java:107)
    java.base/java.io.BufferedInputStream.fill(BufferedInputStream.java:291)
    java.base/java.io.BufferedInputStream.implRead(BufferedInputStream.java:325)
    java.base/java.io.BufferedInputStream.read(BufferedInputStream.java:312)
    org.eclipse.angus.mail.util.LineInputStream.readLine(LineInputStream.java:104)
    org.eclipse.angus.mail.smtp.SMTPTransport.readServerResponse(SMTPTransport.java:2489)
    org.eclipse.angus.mail.smtp.SMTPTransport.issueSendCommand(SMTPTransport.java:2386)
    org.eclipse.angus.mail.smtp.SMTPTransport.mailFrom(SMTPTransport.java:1812)
    org.eclipse.angus.mail.smtp.SMTPTransport.sendMessage(SMTPTransport.java:1290) <== monitors:1
    org.springframework.mail.javamail.JavaMailSenderImpl.doSend(JavaMailSenderImpl.java:427)
    org.springframework.mail.javamail.JavaMailSenderImpl.send(JavaMailSenderImpl.java:350)
    org.springframework.mail.javamail.JavaMailSender.send(JavaMailSender.java:101)
    com.botfunnel.email.EmailService.sendAsync(EmailService.java:90)
    com.botfunnel.email.EmailService.sendVerificationEmail(EmailService.java:35)
    com.botfunnel.auth.AuthService.register(AuthService.java:167)
    com.botfunnel.auth.AuthController.register(AuthController.java:51)
    java.base/jdk.internal.reflect.DirectMethodHandleAccessor.invoke(DirectMethodHandleAccessor.java:103)
    java.base/java.lang.reflect.Method.invoke(Method.java:580)
    org.springframework.web.method.support.InvocableHandlerMethod.doInvoke(InvocableHandlerMethod.java:258)
    org.springframework.web.method.support.InvocableHandlerMethod.invokeForRequest(InvocableHandlerMethod.java:191)
    org.springframework.web.servlet.mvc.method.annotation.ServletInvocableHandlerMethod.invokeAndHandle(ServletInvocableHandlerMethod.java:118)
    org.springframework.web.servlet.mvc.method.annotation.RequestMappingHandlerAdapter.invokeHandlerMethod(RequestMappingHandlerAdapter.java:986)
    org.springframework.web.servlet.mvc.method.annotation.RequestMappingHandlerAdapter.handleInternal(RequestMappingHandlerAdapter.java:891)
    org.springframework.web.servlet.mvc.method.AbstractHandlerMethodAdapter.handle(AbstractHandlerMethodAdapter.java:87)
    org.springframework.web.servlet.DispatcherServlet.doDispatch(DispatcherServlet.java:1089)
    org.springframework.web.servlet.DispatcherServlet.doService(DispatcherServlet.java:979)
    org.springframework.web.servlet.FrameworkServlet.processRequest(FrameworkServlet.java:1014)
    org.springframework.web.servlet.FrameworkServlet.doPost(FrameworkServlet.java:914)
    jakarta.servlet.http.HttpServlet.service(HttpServlet.java:590)
    org.springframework.web.servlet.FrameworkServlet.service(FrameworkServlet.java:885)
    jakarta.servlet.http.HttpServlet.service(HttpServlet.java:658)
    org.apache.catalina.core.ApplicationFilterChain.internalDoFilter(ApplicationFilterChain.java:195)
    org.apache.catalina.core.ApplicationFilterChain.doFilter(ApplicationFilterChain.java:140)
    org.apache.tomcat.websocket.server.WsFilter.doFilter(WsFilter.java:51)
    org.apache.catalina.core.ApplicationFilterChain.internalDoFilter(ApplicationFilterChain.java:164)
    org.apache.catalina.core.ApplicationFilterChain.doFilter(ApplicationFilterChain.java:140)
    org.springframework.web.filter.CompositeFilter$VirtualFilterChain.doFilter(CompositeFilter.java:108)
    org.springframework.web.filter.CompositeFilter$VirtualFilterChain.doFilter(CompositeFilter.java:108)
    org.springframework.security.web.FilterChainProxy.lambda$doFilterInternal$3(FilterChainProxy.java:231)
    org.springframework.security.web.FilterChainProxy$VirtualFilterChain.doFilter(FilterChainProxy.java:365)
    org.springframework.security.web.access.intercept.AuthorizationFilter.doFilter(AuthorizationFilter.java:101)
    org.springframework.security.web.FilterChainProxy$VirtualFilterChain.doFilter(FilterChainProxy.java:374)
    org.springframework.security.web.access.ExceptionTranslationFilter.doFilter(ExceptionTranslationFilter.java:125)
    org.springframework.security.web.access.ExceptionTranslationFilter.doFilter(ExceptionTranslationFilter.java:119)
    org.springframework.security.web.FilterChainProxy$VirtualFilterChain.doFilter(FilterChainProxy.java:374)
    org.springframework.security.web.authentication.AnonymousAuthenticationFilter.doFilter(AnonymousAuthenticationFilter.java:100)
    org.springframework.security.web.FilterChainProxy$VirtualFilterChain.doFilter(FilterChainProxy.java:374)
    org.springframework.security.web.servletapi.SecurityContextHolderAwareRequestFilter.doFilter(SecurityContextHolderAwareRequestFilter.java:179)
    org.springframework.security.web.FilterChainProxy$VirtualFilterChain.doFilter(FilterChainProxy.java:374)
    org.springframework.security.web.savedrequest.RequestCacheAwareFilter.doFilter(RequestCacheAwareFilter.java:63)
    org.springframework.security.web.FilterChainProxy$VirtualFilterChain.doFilter(FilterChainProxy.java:374)
    org.springframework.security.web.authentication.logout.LogoutFilter.doFilter(LogoutFilter.java:107)
    org.springframework.security.web.authentication.logout.LogoutFilter.doFilter(LogoutFilter.java:93)
    org.springframework.security.web.FilterChainProxy$VirtualFilterChain.doFilter(FilterChainProxy.java:374)
    com.botfunnel.security.SecurityConfig$CsrfCookieMaterializer.doFilterInternal(SecurityConfig.java:127)
    org.springframework.web.filter.OncePerRequestFilter.doFilter(OncePerRequestFilter.java:116)
    org.springframework.security.web.FilterChainProxy$VirtualFilterChain.doFilter(FilterChainProxy.java:374)
    org.springframework.security.web.csrf.CsrfFilter.doFilterInternal(CsrfFilter.java:134)
    org.springframework.web.filter.OncePerRequestFilter.doFilter(OncePerRequestFilter.java:116)
    org.springframework.security.web.FilterChainProxy$VirtualFilterChain.doFilter(FilterChainProxy.java:374)
    org.springframework.web.filter.CorsFilter.doFilterInternal(CorsFilter.java:91)
    org.springframework.web.filter.OncePerRequestFilter.doFilter(OncePerRequestFilter.java:116)
    org.springframework.security.web.FilterChainProxy$VirtualFilterChain.doFilter(FilterChainProxy.java:374)
    org.springframework.security.web.header.HeaderWriterFilter.doHeadersAfter(HeaderWriterFilter.java:90)
    org.springframework.security.web.header.HeaderWriterFilter.doFilterInternal(HeaderWriterFilter.java:75)
    org.springframework.web.filter.OncePerRequestFilter.doFilter(OncePerRequestFilter.java:116)
    org.springframework.security.web.FilterChainProxy$VirtualFilterChain.doFilter(FilterChainProxy.java:374)
    org.springframework.security.web.context.SecurityContextHolderFilter.doFilter(SecurityContextHolderFilter.java:82)
    org.springframework.security.web.context.SecurityContextHolderFilter.doFilter(SecurityContextHolderFilter.java:69)
    org.springframework.security.web.FilterChainProxy$VirtualFilterChain.doFilter(FilterChainProxy.java:374)
    org.springframework.security.web.context.request.async.WebAsyncManagerIntegrationFilter.doFilterInternal(WebAsyncManagerIntegrationFilter.java:62)
    org.springframework.web.filter.OncePerRequestFilter.doFilter(OncePerRequestFilter.java:116)
    org.springframework.security.web.FilterChainProxy$VirtualFilterChain.doFilter(FilterChainProxy.java:374)
    org.springframework.security.web.session.DisableEncodeUrlFilter.doFilterInternal(DisableEncodeUrlFilter.java:42)
    org.springframework.web.filter.OncePerRequestFilter.doFilter(OncePerRequestFilter.java:116)
    org.springframework.security.web.FilterChainProxy$VirtualFilterChain.doFilter(FilterChainProxy.java:374)
    org.springframework.security.web.FilterChainProxy.doFilterInternal(FilterChainProxy.java:233)
    org.springframework.security.web.FilterChainProxy.doFilter(FilterChainProxy.java:191)
    org.springframework.web.filter.CompositeFilter$VirtualFilterChain.doFilter(CompositeFilter.java:113)
    org.springframework.web.filter.ServletRequestPathFilter.doFilter(ServletRequestPathFilter.java:52)
    org.springframework.web.filter.CompositeFilter$VirtualFilterChain.doFilter(CompositeFilter.java:113)
    org.springframework.web.filter.CompositeFilter.doFilter(CompositeFilter.java:74)
    org.springframework.security.config.annotation.web.configuration.WebSecurityConfiguration$CompositeFilterChainProxy.doFilter(WebSecurityConfiguration.java:319)
    org.springframework.web.filter.CompositeFilter$VirtualFilterChain.doFilter(CompositeFilter.java:113)
    org.springframework.web.servlet.handler.HandlerMappingIntrospector.lambda$createCacheFilter$3(HandlerMappingIntrospector.java:243)
    org.springframework.web.filter.CompositeFilter$VirtualFilterChain.doFilter(CompositeFilter.java:113)
    org.springframework.web.filter.CompositeFilter.doFilter(CompositeFilter.java:74)
    org.springframework.security.config.annotation.web.configuration.WebMvcSecurityConfiguration$CompositeFilterChainProxy.doFilter(WebMvcSecurityConfiguration.java:240)
    org.springframework.web.filter.DelegatingFilterProxy.invokeDelegate(DelegatingFilterProxy.java:362)
    org.springframework.web.filter.DelegatingFilterProxy.doFilter(DelegatingFilterProxy.java:278)
    org.apache.catalina.core.ApplicationFilterChain.internalDoFilter(ApplicationFilterChain.java:164)
    org.apache.catalina.core.ApplicationFilterChain.doFilter(ApplicationFilterChain.java:140)
    org.springframework.web.filter.RequestContextFilter.doFilterInternal(RequestContextFilter.java:100)
    org.springframework.web.filter.OncePerRequestFilter.doFilter(OncePerRequestFilter.java:116)
    org.apache.catalina.core.ApplicationFilterChain.internalDoFilter(ApplicationFilterChain.java:164)
    org.apache.catalina.core.ApplicationFilterChain.doFilter(ApplicationFilterChain.java:140)
    org.springframework.web.filter.FormContentFilter.doFilterInternal(FormContentFilter.java:93)
    org.springframework.web.filter.OncePerRequestFilter.doFilter(OncePerRequestFilter.java:116)
    org.apache.catalina.core.ApplicationFilterChain.internalDoFilter(ApplicationFilterChain.java:164)
    org.apache.catalina.core.ApplicationFilterChain.doFilter(ApplicationFilterChain.java:140)
    org.springframework.session.web.http.SessionRepositoryFilter.doFilterInternal(SessionRepositoryFilter.java:142)
    org.springframework.session.web.http.OncePerRequestFilter.doFilter(OncePerRequestFilter.java:82)
    org.springframework.web.filter.DelegatingFilterProxy.invokeDelegate(DelegatingFilterProxy.java:362)
    org.springframework.web.filter.DelegatingFilterProxy.doFilter(DelegatingFilterProxy.java:278)
    org.apache.catalina.core.ApplicationFilterChain.internalDoFilter(ApplicationFilterChain.java:164)
    org.apache.catalina.core.ApplicationFilterChain.doFilter(ApplicationFilterChain.java:140)
    com.botfunnel.webhook.WebhookPayloadSizeFilter.doFilterInternal(WebhookPayloadSizeFilter.java:65)
    org.springframework.web.filter.OncePerRequestFilter.doFilter(OncePerRequestFilter.java:116)
    org.apache.catalina.core.ApplicationFilterChain.internalDoFilter(ApplicationFilterChain.java:164)
    org.apache.catalina.core.ApplicationFilterChain.doFilter(ApplicationFilterChain.java:140)
    org.springframework.web.filter.CharacterEncodingFilter.doFilterInternal(CharacterEncodingFilter.java:201)
    org.springframework.web.filter.OncePerRequestFilter.doFilter(OncePerRequestFilter.java:116)
    org.apache.catalina.core.ApplicationFilterChain.internalDoFilter(ApplicationFilterChain.java:164)
    org.apache.catalina.core.ApplicationFilterChain.doFilter(ApplicationFilterChain.java:140)
    org.apache.catalina.core.StandardWrapperValve.invoke(StandardWrapperValve.java:167)
    org.apache.catalina.core.StandardContextValve.invoke(StandardContextValve.java:90)
    org.apache.catalina.authenticator.AuthenticatorBase.invoke(AuthenticatorBase.java:483)
    org.apache.catalina.core.StandardHostValve.invoke(StandardHostValve.java:116)
    org.apache.catalina.valves.ErrorReportValve.invoke(ErrorReportValve.java:93)
    org.apache.catalina.core.StandardEngineValve.invoke(StandardEngineValve.java:74)
    org.apache.catalina.connector.CoyoteAdapter.service(CoyoteAdapter.java:344)
    org.apache.coyote.http11.Http11Processor.service(Http11Processor.java:398)
    org.apache.coyote.AbstractProcessorLight.process(AbstractProcessorLight.java:63)
    org.apache.coyote.AbstractProtocol$ConnectionHandler.process(AbstractProtocol.java:903)
    org.apache.tomcat.util.net.NioEndpoint$SocketProcessor.doRun(NioEndpoint.java:1740)
    org.apache.tomcat.util.net.SocketProcessorBase.run(SocketProcessorBase.java:52)
    java.base/java.lang.VirtualThread.run(VirtualThread.java:329)
VirtualThread[#81,tomcat-handler-9]/runnable@ForkJoinPool-1-worker-4 reason:MONITOR
    java.base/java.lang.VirtualThread$VThreadContinuation.onPinned(VirtualThread.java:199)
    java.base/jdk.internal.vm.Continuation.onPinned0(Continuation.java:393)
    java.base/java.lang.VirtualThread.park(VirtualThread.java:596)
    java.base/java.lang.System$2.parkVirtualThread(System.java:2643)
    java.base/jdk.internal.misc.VirtualThreads.park(VirtualThreads.java:54)
    java.base/java.util.concurrent.locks.LockSupport.park(LockSupport.java:369)
    java.base/sun.nio.ch.Poller.pollIndirect(Poller.java:139)
    java.base/sun.nio.ch.Poller.poll(Poller.java:102)
    java.base/sun.nio.ch.Poller.poll(Poller.java:87)
    java.base/sun.nio.ch.NioSocketImpl.park(NioSocketImpl.java:175)
    java.base/sun.nio.ch.NioSocketImpl.park(NioSocketImpl.java:201)
    java.base/sun.nio.ch.NioSocketImpl.implRead(NioSocketImpl.java:309)
    java.base/sun.nio.ch.NioSocketImpl.read(NioSocketImpl.java:346)
    java.base/sun.nio.ch.NioSocketImpl$1.read(NioSocketImpl.java:796)
    java.base/java.net.Socket$SocketInputStream.read(Socket.java:1099)
    org.eclipse.angus.mail.util.TraceInputStream.read(TraceInputStream.java:107)
    java.base/java.io.BufferedInputStream.fill(BufferedInputStream.java:291)
    java.base/java.io.BufferedInputStream.implRead(BufferedInputStream.java:325)
    java.base/java.io.BufferedInputStream.read(BufferedInputStream.java:312)
    org.eclipse.angus.mail.util.LineInputStream.readLine(LineInputStream.java:104)
    org.eclipse.angus.mail.smtp.SMTPTransport.readServerResponse(SMTPTransport.java:2489)
    org.eclipse.angus.mail.smtp.SMTPTransport.rcptTo(SMTPTransport.java:1900)
    org.eclipse.angus.mail.smtp.SMTPTransport.sendMessage(SMTPTransport.java:1291) <== monitors:1
    org.springframework.mail.javamail.JavaMailSenderImpl.doSend(JavaMailSenderImpl.java:427)
    org.springframework.mail.javamail.JavaMailSenderImpl.send(JavaMailSenderImpl.java:350)
    org.springframework.mail.javamail.JavaMailSender.send(JavaMailSender.java:101)
    com.botfunnel.email.EmailService.sendAsync(EmailService.java:90)
    com.botfunnel.email.EmailService.sendVerificationEmail(EmailService.java:35)
    com.botfunnel.auth.AuthService.register(AuthService.java:167)
    com.botfunnel.auth.AuthController.register(AuthController.java:51)
    java.base/jdk.internal.reflect.DirectMethodHandleAccessor.invoke(DirectMethodHandleAccessor.java:103)
    java.base/java.lang.reflect.Method.invoke(Method.java:580)
    org.springframework.web.method.support.InvocableHandlerMethod.doInvoke(InvocableHandlerMethod.java:258)
    org.springframework.web.method.support.InvocableHandlerMethod.invokeForRequest(InvocableHandlerMethod.java:191)
    org.springframework.web.servlet.mvc.method.annotation.ServletInvocableHandlerMethod.invokeAndHandle(ServletInvocableHandlerMethod.java:118)
    org.springframework.web.servlet.mvc.method.annotation.RequestMappingHandlerAdapter.invokeHandlerMethod(RequestMappingHandlerAdapter.java:986)
    org.springframework.web.servlet.mvc.method.annotation.RequestMappingHandlerAdapter.handleInternal(RequestMappingHandlerAdapter.java:891)
    org.springframework.web.servlet.mvc.method.AbstractHandlerMethodAdapter.handle(AbstractHandlerMethodAdapter.java:87)
    org.springframework.web.servlet.DispatcherServlet.doDispatch(DispatcherServlet.java:1089)
    org.springframework.web.servlet.DispatcherServlet.doService(DispatcherServlet.java:979)
    org.springframework.web.servlet.FrameworkServlet.processRequest(FrameworkServlet.java:1014)
    org.springframework.web.servlet.FrameworkServlet.doPost(FrameworkServlet.java:914)
    jakarta.servlet.http.HttpServlet.service(HttpServlet.java:590)
    org.springframework.web.servlet.FrameworkServlet.service(FrameworkServlet.java:885)
    jakarta.servlet.http.HttpServlet.service(HttpServlet.java:658)
    org.apache.catalina.core.ApplicationFilterChain.internalDoFilter(ApplicationFilterChain.java:195)
    org.apache.catalina.core.ApplicationFilterChain.doFilter(ApplicationFilterChain.java:140)
    org.apache.tomcat.websocket.server.WsFilter.doFilter(WsFilter.java:51)
    org.apache.catalina.core.ApplicationFilterChain.internalDoFilter(ApplicationFilterChain.java:164)
    org.apache.catalina.core.ApplicationFilterChain.doFilter(ApplicationFilterChain.java:140)
    org.springframework.web.filter.CompositeFilter$VirtualFilterChain.doFilter(CompositeFilter.java:108)
    org.springframework.web.filter.CompositeFilter$VirtualFilterChain.doFilter(CompositeFilter.java:108)
    org.springframework.security.web.FilterChainProxy.lambda$doFilterInternal$3(FilterChainProxy.java:231)
    org.springframework.security.web.FilterChainProxy$VirtualFilterChain.doFilter(FilterChainProxy.java:365)
    org.springframework.security.web.access.intercept.AuthorizationFilter.doFilter(AuthorizationFilter.java:101)
    org.springframework.security.web.FilterChainProxy$VirtualFilterChain.doFilter(FilterChainProxy.java:374)
    org.springframework.security.web.access.ExceptionTranslationFilter.doFilter(ExceptionTranslationFilter.java:125)
    org.springframework.security.web.access.ExceptionTranslationFilter.doFilter(ExceptionTranslationFilter.java:119)
    org.springframework.security.web.FilterChainProxy$VirtualFilterChain.doFilter(FilterChainProxy.java:374)
    org.springframework.security.web.authentication.AnonymousAuthenticationFilter.doFilter(AnonymousAuthenticationFilter.java:100)
    org.springframework.security.web.FilterChainProxy$VirtualFilterChain.doFilter(FilterChainProxy.java:374)
    org.springframework.security.web.servletapi.SecurityContextHolderAwareRequestFilter.doFilter(SecurityContextHolderAwareRequestFilter.java:179)
    org.springframework.security.web.FilterChainProxy$VirtualFilterChain.doFilter(FilterChainProxy.java:374)
    org.springframework.security.web.savedrequest.RequestCacheAwareFilter.doFilter(RequestCacheAwareFilter.java:63)
    org.springframework.security.web.FilterChainProxy$VirtualFilterChain.doFilter(FilterChainProxy.java:374)
    org.springframework.security.web.authentication.logout.LogoutFilter.doFilter(LogoutFilter.java:107)
    org.springframework.security.web.authentication.logout.LogoutFilter.doFilter(LogoutFilter.java:93)
    org.springframework.security.web.FilterChainProxy$VirtualFilterChain.doFilter(FilterChainProxy.java:374)
    com.botfunnel.security.SecurityConfig$CsrfCookieMaterializer.doFilterInternal(SecurityConfig.java:127)
    org.springframework.web.filter.OncePerRequestFilter.doFilter(OncePerRequestFilter.java:116)
    org.springframework.security.web.FilterChainProxy$VirtualFilterChain.doFilter(FilterChainProxy.java:374)
    org.springframework.security.web.csrf.CsrfFilter.doFilterInternal(CsrfFilter.java:134)
    org.springframework.web.filter.OncePerRequestFilter.doFilter(OncePerRequestFilter.java:116)
    org.springframework.security.web.FilterChainProxy$VirtualFilterChain.doFilter(FilterChainProxy.java:374)
    org.springframework.web.filter.CorsFilter.doFilterInternal(CorsFilter.java:91)
    org.springframework.web.filter.OncePerRequestFilter.doFilter(OncePerRequestFilter.java:116)
    org.springframework.security.web.FilterChainProxy$VirtualFilterChain.doFilter(FilterChainProxy.java:374)
    org.springframework.security.web.header.HeaderWriterFilter.doHeadersAfter(HeaderWriterFilter.java:90)
    org.springframework.security.web.header.HeaderWriterFilter.doFilterInternal(HeaderWriterFilter.java:75)
    org.springframework.web.filter.OncePerRequestFilter.doFilter(OncePerRequestFilter.java:116)
    org.springframework.security.web.FilterChainProxy$VirtualFilterChain.doFilter(FilterChainProxy.java:374)
    org.springframework.security.web.context.SecurityContextHolderFilter.doFilter(SecurityContextHolderFilter.java:82)
    org.springframework.security.web.context.SecurityContextHolderFilter.doFilter(SecurityContextHolderFilter.java:69)
    org.springframework.security.web.FilterChainProxy$VirtualFilterChain.doFilter(FilterChainProxy.java:374)
    org.springframework.security.web.context.request.async.WebAsyncManagerIntegrationFilter.doFilterInternal(WebAsyncManagerIntegrationFilter.java:62)
    org.springframework.web.filter.OncePerRequestFilter.doFilter(OncePerRequestFilter.java:116)
    org.springframework.security.web.FilterChainProxy$VirtualFilterChain.doFilter(FilterChainProxy.java:374)
    org.springframework.security.web.session.DisableEncodeUrlFilter.doFilterInternal(DisableEncodeUrlFilter.java:42)
    org.springframework.web.filter.OncePerRequestFilter.doFilter(OncePerRequestFilter.java:116)
    org.springframework.security.web.FilterChainProxy$VirtualFilterChain.doFilter(FilterChainProxy.java:374)
    org.springframework.security.web.FilterChainProxy.doFilterInternal(FilterChainProxy.java:233)
    org.springframework.security.web.FilterChainProxy.doFilter(FilterChainProxy.java:191)
    org.springframework.web.filter.CompositeFilter$VirtualFilterChain.doFilter(CompositeFilter.java:113)
    org.springframework.web.filter.ServletRequestPathFilter.doFilter(ServletRequestPathFilter.java:52)
    org.springframework.web.filter.CompositeFilter$VirtualFilterChain.doFilter(CompositeFilter.java:113)
    org.springframework.web.filter.CompositeFilter.doFilter(CompositeFilter.java:74)
    org.springframework.security.config.annotation.web.configuration.WebSecurityConfiguration$CompositeFilterChainProxy.doFilter(WebSecurityConfiguration.java:319)
    org.springframework.web.filter.CompositeFilter$VirtualFilterChain.doFilter(CompositeFilter.java:113)
    org.springframework.web.servlet.handler.HandlerMappingIntrospector.lambda$createCacheFilter$3(HandlerMappingIntrospector.java:243)
    org.springframework.web.filter.CompositeFilter$VirtualFilterChain.doFilter(CompositeFilter.java:113)
    org.springframework.web.filter.CompositeFilter.doFilter(CompositeFilter.java:74)
    org.springframework.security.config.annotation.web.configuration.WebMvcSecurityConfiguration$CompositeFilterChainProxy.doFilter(WebMvcSecurityConfiguration.java:240)
    org.springframework.web.filter.DelegatingFilterProxy.invokeDelegate(DelegatingFilterProxy.java:362)
    org.springframework.web.filter.DelegatingFilterProxy.doFilter(DelegatingFilterProxy.java:278)
    org.apache.catalina.core.ApplicationFilterChain.internalDoFilter(ApplicationFilterChain.java:164)
    org.apache.catalina.core.ApplicationFilterChain.doFilter(ApplicationFilterChain.java:140)
    org.springframework.web.filter.RequestContextFilter.doFilterInternal(RequestContextFilter.java:100)
    org.springframework.web.filter.OncePerRequestFilter.doFilter(OncePerRequestFilter.java:116)
    org.apache.catalina.core.ApplicationFilterChain.internalDoFilter(ApplicationFilterChain.java:164)
    org.apache.catalina.core.ApplicationFilterChain.doFilter(ApplicationFilterChain.java:140)
    org.springframework.web.filter.FormContentFilter.doFilterInternal(FormContentFilter.java:93)
    org.springframework.web.filter.OncePerRequestFilter.doFilter(OncePerRequestFilter.java:116)
    org.apache.catalina.core.ApplicationFilterChain.internalDoFilter(ApplicationFilterChain.java:164)
    org.apache.catalina.core.ApplicationFilterChain.doFilter(ApplicationFilterChain.java:140)
    org.springframework.session.web.http.SessionRepositoryFilter.doFilterInternal(SessionRepositoryFilter.java:142)
    org.springframework.session.web.http.OncePerRequestFilter.doFilter(OncePerRequestFilter.java:82)
    org.springframework.web.filter.DelegatingFilterProxy.invokeDelegate(DelegatingFilterProxy.java:362)
    org.springframework.web.filter.DelegatingFilterProxy.doFilter(DelegatingFilterProxy.java:278)
    org.apache.catalina.core.ApplicationFilterChain.internalDoFilter(ApplicationFilterChain.java:164)
    org.apache.catalina.core.ApplicationFilterChain.doFilter(ApplicationFilterChain.java:140)
    com.botfunnel.webhook.WebhookPayloadSizeFilter.doFilterInternal(WebhookPayloadSizeFilter.java:65)
    org.springframework.web.filter.OncePerRequestFilter.doFilter(OncePerRequestFilter.java:116)
    org.apache.catalina.core.ApplicationFilterChain.internalDoFilter(ApplicationFilterChain.java:164)
    org.apache.catalina.core.ApplicationFilterChain.doFilter(ApplicationFilterChain.java:140)
    org.springframework.web.filter.CharacterEncodingFilter.doFilterInternal(CharacterEncodingFilter.java:201)
    org.springframework.web.filter.OncePerRequestFilter.doFilter(OncePerRequestFilter.java:116)
    org.apache.catalina.core.ApplicationFilterChain.internalDoFilter(ApplicationFilterChain.java:164)
    org.apache.catalina.core.ApplicationFilterChain.doFilter(ApplicationFilterChain.java:140)
    org.apache.catalina.core.StandardWrapperValve.invoke(StandardWrapperValve.java:167)
    org.apache.catalina.core.StandardContextValve.invoke(StandardContextValve.java:90)
    org.apache.catalina.authenticator.AuthenticatorBase.invoke(AuthenticatorBase.java:483)
    org.apache.catalina.core.StandardHostValve.invoke(StandardHostValve.java:116)
    org.apache.catalina.valves.ErrorReportValve.invoke(ErrorReportValve.java:93)
    org.apache.catalina.core.StandardEngineValve.invoke(StandardEngineValve.java:74)
    org.apache.catalina.connector.CoyoteAdapter.service(CoyoteAdapter.java:344)
    org.apache.coyote.http11.Http11Processor.service(Http11Processor.java:398)
    org.apache.coyote.AbstractProcessorLight.process(AbstractProcessorLight.java:63)
    org.apache.coyote.AbstractProtocol$ConnectionHandler.process(AbstractProtocol.java:903)
    org.apache.tomcat.util.net.NioEndpoint$SocketProcessor.doRun(NioEndpoint.java:1740)
    org.apache.tomcat.util.net.SocketProcessorBase.run(SocketProcessorBase.java:52)
    java.base/java.lang.VirtualThread.run(VirtualThread.java:329)
VirtualThread[#81,tomcat-handler-9]/runnable@ForkJoinPool-1-worker-4 reason:MONITOR
    java.base/java.lang.VirtualThread$VThreadContinuation.onPinned(VirtualThread.java:199)
    java.base/jdk.internal.vm.Continuation.onPinned0(Continuation.java:393)
    java.base/java.lang.VirtualThread.park(VirtualThread.java:596)
    java.base/java.lang.System$2.parkVirtualThread(System.java:2643)
    java.base/jdk.internal.misc.VirtualThreads.park(VirtualThreads.java:54)
    java.base/java.util.concurrent.locks.LockSupport.park(LockSupport.java:369)
    java.base/sun.nio.ch.Poller.pollIndirect(Poller.java:139)
    java.base/sun.nio.ch.Poller.poll(Poller.java:102)
    java.base/sun.nio.ch.Poller.poll(Poller.java:87)
    java.base/sun.nio.ch.NioSocketImpl.park(NioSocketImpl.java:175)
    java.base/sun.nio.ch.NioSocketImpl.park(NioSocketImpl.java:201)
    java.base/sun.nio.ch.NioSocketImpl.implRead(NioSocketImpl.java:309)
    java.base/sun.nio.ch.NioSocketImpl.read(NioSocketImpl.java:346)
    java.base/sun.nio.ch.NioSocketImpl$1.read(NioSocketImpl.java:796)
    java.base/java.net.Socket$SocketInputStream.read(Socket.java:1099)
    org.eclipse.angus.mail.util.TraceInputStream.read(TraceInputStream.java:107)
    java.base/java.io.BufferedInputStream.fill(BufferedInputStream.java:291)
    java.base/java.io.BufferedInputStream.implRead(BufferedInputStream.java:325)
    java.base/java.io.BufferedInputStream.read(BufferedInputStream.java:312)
    org.eclipse.angus.mail.util.LineInputStream.readLine(LineInputStream.java:104)
    org.eclipse.angus.mail.smtp.SMTPTransport.readServerResponse(SMTPTransport.java:2489)
    org.eclipse.angus.mail.smtp.SMTPTransport.issueSendCommand(SMTPTransport.java:2386)
    org.eclipse.angus.mail.smtp.SMTPTransport.data(SMTPTransport.java:2113)
    org.eclipse.angus.mail.smtp.SMTPTransport.sendMessage(SMTPTransport.java:1305) <== monitors:1
    org.springframework.mail.javamail.JavaMailSenderImpl.doSend(JavaMailSenderImpl.java:427)
    org.springframework.mail.javamail.JavaMailSenderImpl.send(JavaMailSenderImpl.java:350)
    org.springframework.mail.javamail.JavaMailSender.send(JavaMailSender.java:101)
    com.botfunnel.email.EmailService.sendAsync(EmailService.java:90)
    com.botfunnel.email.EmailService.sendVerificationEmail(EmailService.java:35)
    com.botfunnel.auth.AuthService.register(AuthService.java:167)
    com.botfunnel.auth.AuthController.register(AuthController.java:51)
    java.base/jdk.internal.reflect.DirectMethodHandleAccessor.invoke(DirectMethodHandleAccessor.java:103)
    java.base/java.lang.reflect.Method.invoke(Method.java:580)
    org.springframework.web.method.support.InvocableHandlerMethod.doInvoke(InvocableHandlerMethod.java:258)
    org.springframework.web.method.support.InvocableHandlerMethod.invokeForRequest(InvocableHandlerMethod.java:191)
    org.springframework.web.servlet.mvc.method.annotation.ServletInvocableHandlerMethod.invokeAndHandle(ServletInvocableHandlerMethod.java:118)
    org.springframework.web.servlet.mvc.method.annotation.RequestMappingHandlerAdapter.invokeHandlerMethod(RequestMappingHandlerAdapter.java:986)
    org.springframework.web.servlet.mvc.method.annotation.RequestMappingHandlerAdapter.handleInternal(RequestMappingHandlerAdapter.java:891)
    org.springframework.web.servlet.mvc.method.AbstractHandlerMethodAdapter.handle(AbstractHandlerMethodAdapter.java:87)
    org.springframework.web.servlet.DispatcherServlet.doDispatch(DispatcherServlet.java:1089)
    org.springframework.web.servlet.DispatcherServlet.doService(DispatcherServlet.java:979)
    org.springframework.web.servlet.FrameworkServlet.processRequest(FrameworkServlet.java:1014)
    org.springframework.web.servlet.FrameworkServlet.doPost(FrameworkServlet.java:914)
    jakarta.servlet.http.HttpServlet.service(HttpServlet.java:590)
    org.springframework.web.servlet.FrameworkServlet.service(FrameworkServlet.java:885)
    jakarta.servlet.http.HttpServlet.service(HttpServlet.java:658)
    org.apache.catalina.core.ApplicationFilterChain.internalDoFilter(ApplicationFilterChain.java:195)
    org.apache.catalina.core.ApplicationFilterChain.doFilter(ApplicationFilterChain.java:140)
    org.apache.tomcat.websocket.server.WsFilter.doFilter(WsFilter.java:51)
    org.apache.catalina.core.ApplicationFilterChain.internalDoFilter(ApplicationFilterChain.java:164)
    org.apache.catalina.core.ApplicationFilterChain.doFilter(ApplicationFilterChain.java:140)
    org.springframework.web.filter.CompositeFilter$VirtualFilterChain.doFilter(CompositeFilter.java:108)
    org.springframework.web.filter.CompositeFilter$VirtualFilterChain.doFilter(CompositeFilter.java:108)
    org.springframework.security.web.FilterChainProxy.lambda$doFilterInternal$3(FilterChainProxy.java:231)
    org.springframework.security.web.FilterChainProxy$VirtualFilterChain.doFilter(FilterChainProxy.java:365)
    org.springframework.security.web.access.intercept.AuthorizationFilter.doFilter(AuthorizationFilter.java:101)
    org.springframework.security.web.FilterChainProxy$VirtualFilterChain.doFilter(FilterChainProxy.java:374)
    org.springframework.security.web.access.ExceptionTranslationFilter.doFilter(ExceptionTranslationFilter.java:125)
    org.springframework.security.web.access.ExceptionTranslationFilter.doFilter(ExceptionTranslationFilter.java:119)
    org.springframework.security.web.FilterChainProxy$VirtualFilterChain.doFilter(FilterChainProxy.java:374)
    org.springframework.security.web.authentication.AnonymousAuthenticationFilter.doFilter(AnonymousAuthenticationFilter.java:100)
    org.springframework.security.web.FilterChainProxy$VirtualFilterChain.doFilter(FilterChainProxy.java:374)
    org.springframework.security.web.servletapi.SecurityContextHolderAwareRequestFilter.doFilter(SecurityContextHolderAwareRequestFilter.java:179)
    org.springframework.security.web.FilterChainProxy$VirtualFilterChain.doFilter(FilterChainProxy.java:374)
    org.springframework.security.web.savedrequest.RequestCacheAwareFilter.doFilter(RequestCacheAwareFilter.java:63)
    org.springframework.security.web.FilterChainProxy$VirtualFilterChain.doFilter(FilterChainProxy.java:374)
    org.springframework.security.web.authentication.logout.LogoutFilter.doFilter(LogoutFilter.java:107)
    org.springframework.security.web.authentication.logout.LogoutFilter.doFilter(LogoutFilter.java:93)
    org.springframework.security.web.FilterChainProxy$VirtualFilterChain.doFilter(FilterChainProxy.java:374)
    com.botfunnel.security.SecurityConfig$CsrfCookieMaterializer.doFilterInternal(SecurityConfig.java:127)
    org.springframework.web.filter.OncePerRequestFilter.doFilter(OncePerRequestFilter.java:116)
    org.springframework.security.web.FilterChainProxy$VirtualFilterChain.doFilter(FilterChainProxy.java:374)
    org.springframework.security.web.csrf.CsrfFilter.doFilterInternal(CsrfFilter.java:134)
    org.springframework.web.filter.OncePerRequestFilter.doFilter(OncePerRequestFilter.java:116)
    org.springframework.security.web.FilterChainProxy$VirtualFilterChain.doFilter(FilterChainProxy.java:374)
    org.springframework.web.filter.CorsFilter.doFilterInternal(CorsFilter.java:91)
    org.springframework.web.filter.OncePerRequestFilter.doFilter(OncePerRequestFilter.java:116)
    org.springframework.security.web.FilterChainProxy$VirtualFilterChain.doFilter(FilterChainProxy.java:374)
    org.springframework.security.web.header.HeaderWriterFilter.doHeadersAfter(HeaderWriterFilter.java:90)
    org.springframework.security.web.header.HeaderWriterFilter.doFilterInternal(HeaderWriterFilter.java:75)
    org.springframework.web.filter.OncePerRequestFilter.doFilter(OncePerRequestFilter.java:116)
    org.springframework.security.web.FilterChainProxy$VirtualFilterChain.doFilter(FilterChainProxy.java:374)
    org.springframework.security.web.context.SecurityContextHolderFilter.doFilter(SecurityContextHolderFilter.java:82)
    org.springframework.security.web.context.SecurityContextHolderFilter.doFilter(SecurityContextHolderFilter.java:69)
    org.springframework.security.web.FilterChainProxy$VirtualFilterChain.doFilter(FilterChainProxy.java:374)
    org.springframework.security.web.context.request.async.WebAsyncManagerIntegrationFilter.doFilterInternal(WebAsyncManagerIntegrationFilter.java:62)
    org.springframework.web.filter.OncePerRequestFilter.doFilter(OncePerRequestFilter.java:116)
    org.springframework.security.web.FilterChainProxy$VirtualFilterChain.doFilter(FilterChainProxy.java:374)
    org.springframework.security.web.session.DisableEncodeUrlFilter.doFilterInternal(DisableEncodeUrlFilter.java:42)
    org.springframework.web.filter.OncePerRequestFilter.doFilter(OncePerRequestFilter.java:116)
    org.springframework.security.web.FilterChainProxy$VirtualFilterChain.doFilter(FilterChainProxy.java:374)
    org.springframework.security.web.FilterChainProxy.doFilterInternal(FilterChainProxy.java:233)
    org.springframework.security.web.FilterChainProxy.doFilter(FilterChainProxy.java:191)
    org.springframework.web.filter.CompositeFilter$VirtualFilterChain.doFilter(CompositeFilter.java:113)
    org.springframework.web.filter.ServletRequestPathFilter.doFilter(ServletRequestPathFilter.java:52)
    org.springframework.web.filter.CompositeFilter$VirtualFilterChain.doFilter(CompositeFilter.java:113)
    org.springframework.web.filter.CompositeFilter.doFilter(CompositeFilter.java:74)
    org.springframework.security.config.annotation.web.configuration.WebSecurityConfiguration$CompositeFilterChainProxy.doFilter(WebSecurityConfiguration.java:319)
    org.springframework.web.filter.CompositeFilter$VirtualFilterChain.doFilter(CompositeFilter.java:113)
    org.springframework.web.servlet.handler.HandlerMappingIntrospector.lambda$createCacheFilter$3(HandlerMappingIntrospector.java:243)
    org.springframework.web.filter.CompositeFilter$VirtualFilterChain.doFilter(CompositeFilter.java:113)
    org.springframework.web.filter.CompositeFilter.doFilter(CompositeFilter.java:74)
    org.springframework.security.config.annotation.web.configuration.WebMvcSecurityConfiguration$CompositeFilterChainProxy.doFilter(WebMvcSecurityConfiguration.java:240)
    org.springframework.web.filter.DelegatingFilterProxy.invokeDelegate(DelegatingFilterProxy.java:362)
    org.springframework.web.filter.DelegatingFilterProxy.doFilter(DelegatingFilterProxy.java:278)
    org.apache.catalina.core.ApplicationFilterChain.internalDoFilter(ApplicationFilterChain.java:164)
    org.apache.catalina.core.ApplicationFilterChain.doFilter(ApplicationFilterChain.java:140)
    org.springframework.web.filter.RequestContextFilter.doFilterInternal(RequestContextFilter.java:100)
    org.springframework.web.filter.OncePerRequestFilter.doFilter(OncePerRequestFilter.java:116)
    org.apache.catalina.core.ApplicationFilterChain.internalDoFilter(ApplicationFilterChain.java:164)
    org.apache.catalina.core.ApplicationFilterChain.doFilter(ApplicationFilterChain.java:140)
    org.springframework.web.filter.FormContentFilter.doFilterInternal(FormContentFilter.java:93)
    org.springframework.web.filter.OncePerRequestFilter.doFilter(OncePerRequestFilter.java:116)
    org.apache.catalina.core.ApplicationFilterChain.internalDoFilter(ApplicationFilterChain.java:164)
    org.apache.catalina.core.ApplicationFilterChain.doFilter(ApplicationFilterChain.java:140)
    org.springframework.session.web.http.SessionRepositoryFilter.doFilterInternal(SessionRepositoryFilter.java:142)
    org.springframework.session.web.http.OncePerRequestFilter.doFilter(OncePerRequestFilter.java:82)
    org.springframework.web.filter.DelegatingFilterProxy.invokeDelegate(DelegatingFilterProxy.java:362)
    org.springframework.web.filter.DelegatingFilterProxy.doFilter(DelegatingFilterProxy.java:278)
    org.apache.catalina.core.ApplicationFilterChain.internalDoFilter(ApplicationFilterChain.java:164)
    org.apache.catalina.core.ApplicationFilterChain.doFilter(ApplicationFilterChain.java:140)
    com.botfunnel.webhook.WebhookPayloadSizeFilter.doFilterInternal(WebhookPayloadSizeFilter.java:65)
    org.springframework.web.filter.OncePerRequestFilter.doFilter(OncePerRequestFilter.java:116)
    org.apache.catalina.core.ApplicationFilterChain.internalDoFilter(ApplicationFilterChain.java:164)
    org.apache.catalina.core.ApplicationFilterChain.doFilter(ApplicationFilterChain.java:140)
    org.springframework.web.filter.CharacterEncodingFilter.doFilterInternal(CharacterEncodingFilter.java:201)
    org.springframework.web.filter.OncePerRequestFilter.doFilter(OncePerRequestFilter.java:116)
    org.apache.catalina.core.ApplicationFilterChain.internalDoFilter(ApplicationFilterChain.java:164)
    org.apache.catalina.core.ApplicationFilterChain.doFilter(ApplicationFilterChain.java:140)
    org.apache.catalina.core.StandardWrapperValve.invoke(StandardWrapperValve.java:167)
    org.apache.catalina.core.StandardContextValve.invoke(StandardContextValve.java:90)
    org.apache.catalina.authenticator.AuthenticatorBase.invoke(AuthenticatorBase.java:483)
    org.apache.catalina.core.StandardHostValve.invoke(StandardHostValve.java:116)
    org.apache.catalina.valves.ErrorReportValve.invoke(ErrorReportValve.java:93)
    org.apache.catalina.core.StandardEngineValve.invoke(StandardEngineValve.java:74)
    org.apache.catalina.connector.CoyoteAdapter.service(CoyoteAdapter.java:344)
    org.apache.coyote.http11.Http11Processor.service(Http11Processor.java:398)
    org.apache.coyote.AbstractProcessorLight.process(AbstractProcessorLight.java:63)
    org.apache.coyote.AbstractProtocol$ConnectionHandler.process(AbstractProtocol.java:903)
    org.apache.tomcat.util.net.NioEndpoint$SocketProcessor.doRun(NioEndpoint.java:1740)
    org.apache.tomcat.util.net.SocketProcessorBase.run(SocketProcessorBase.java:52)
    java.base/java.lang.VirtualThread.run(VirtualThread.java:329)
VirtualThread[#81,tomcat-handler-9]/runnable@ForkJoinPool-1-worker-4 reason:MONITOR
    java.base/java.lang.VirtualThread$VThreadContinuation.onPinned(VirtualThread.java:199)
    java.base/jdk.internal.vm.Continuation.onPinned0(Continuation.java:393)
    java.base/java.lang.VirtualThread.park(VirtualThread.java:596)
    java.base/java.lang.System$2.parkVirtualThread(System.java:2643)
    java.base/jdk.internal.misc.VirtualThreads.park(VirtualThreads.java:54)
    java.base/java.util.concurrent.locks.LockSupport.park(LockSupport.java:369)
    java.base/sun.nio.ch.Poller.pollIndirect(Poller.java:139)
    java.base/sun.nio.ch.Poller.poll(Poller.java:102)
    java.base/sun.nio.ch.Poller.poll(Poller.java:87)
    java.base/sun.nio.ch.NioSocketImpl.park(NioSocketImpl.java:175)
    java.base/sun.nio.ch.NioSocketImpl.park(NioSocketImpl.java:201)
    java.base/sun.nio.ch.NioSocketImpl.implRead(NioSocketImpl.java:309)
    java.base/sun.nio.ch.NioSocketImpl.read(NioSocketImpl.java:346)
    java.base/sun.nio.ch.NioSocketImpl$1.read(NioSocketImpl.java:796)
    java.base/java.net.Socket$SocketInputStream.read(Socket.java:1099)
    org.eclipse.angus.mail.util.TraceInputStream.read(TraceInputStream.java:107)
    java.base/java.io.BufferedInputStream.fill(BufferedInputStream.java:291)
    java.base/java.io.BufferedInputStream.implRead(BufferedInputStream.java:325)
    java.base/java.io.BufferedInputStream.read(BufferedInputStream.java:312)
    org.eclipse.angus.mail.util.LineInputStream.readLine(LineInputStream.java:104)
    org.eclipse.angus.mail.smtp.SMTPTransport.readServerResponse(SMTPTransport.java:2489)
    org.eclipse.angus.mail.smtp.SMTPTransport.issueSendCommand(SMTPTransport.java:2386)
    org.eclipse.angus.mail.smtp.SMTPTransport.finishData(SMTPTransport.java:2128)
    org.eclipse.angus.mail.smtp.SMTPTransport.sendMessage(SMTPTransport.java:1306) <== monitors:1
    org.springframework.mail.javamail.JavaMailSenderImpl.doSend(JavaMailSenderImpl.java:427)
    org.springframework.mail.javamail.JavaMailSenderImpl.send(JavaMailSenderImpl.java:350)
    org.springframework.mail.javamail.JavaMailSender.send(JavaMailSender.java:101)
    com.botfunnel.email.EmailService.sendAsync(EmailService.java:90)
    com.botfunnel.email.EmailService.sendVerificationEmail(EmailService.java:35)
    com.botfunnel.auth.AuthService.register(AuthService.java:167)
    com.botfunnel.auth.AuthController.register(AuthController.java:51)
    java.base/jdk.internal.reflect.DirectMethodHandleAccessor.invoke(DirectMethodHandleAccessor.java:103)
    java.base/java.lang.reflect.Method.invoke(Method.java:580)
    org.springframework.web.method.support.InvocableHandlerMethod.doInvoke(InvocableHandlerMethod.java:258)
    org.springframework.web.method.support.InvocableHandlerMethod.invokeForRequest(InvocableHandlerMethod.java:191)
    org.springframework.web.servlet.mvc.method.annotation.ServletInvocableHandlerMethod.invokeAndHandle(ServletInvocableHandlerMethod.java:118)
    org.springframework.web.servlet.mvc.method.annotation.RequestMappingHandlerAdapter.invokeHandlerMethod(RequestMappingHandlerAdapter.java:986)
    org.springframework.web.servlet.mvc.method.annotation.RequestMappingHandlerAdapter.handleInternal(RequestMappingHandlerAdapter.java:891)
    org.springframework.web.servlet.mvc.method.AbstractHandlerMethodAdapter.handle(AbstractHandlerMethodAdapter.java:87)
    org.springframework.web.servlet.DispatcherServlet.doDispatch(DispatcherServlet.java:1089)
    org.springframework.web.servlet.DispatcherServlet.doService(DispatcherServlet.java:979)
    org.springframework.web.servlet.FrameworkServlet.processRequest(FrameworkServlet.java:1014)
    org.springframework.web.servlet.FrameworkServlet.doPost(FrameworkServlet.java:914)
    jakarta.servlet.http.HttpServlet.service(HttpServlet.java:590)
    org.springframework.web.servlet.FrameworkServlet.service(FrameworkServlet.java:885)
    jakarta.servlet.http.HttpServlet.service(HttpServlet.java:658)
    org.apache.catalina.core.ApplicationFilterChain.internalDoFilter(ApplicationFilterChain.java:195)
    org.apache.catalina.core.ApplicationFilterChain.doFilter(ApplicationFilterChain.java:140)
    org.apache.tomcat.websocket.server.WsFilter.doFilter(WsFilter.java:51)
    org.apache.catalina.core.ApplicationFilterChain.internalDoFilter(ApplicationFilterChain.java:164)
    org.apache.catalina.core.ApplicationFilterChain.doFilter(ApplicationFilterChain.java:140)
    org.springframework.web.filter.CompositeFilter$VirtualFilterChain.doFilter(CompositeFilter.java:108)
    org.springframework.web.filter.CompositeFilter$VirtualFilterChain.doFilter(CompositeFilter.java:108)
    org.springframework.security.web.FilterChainProxy.lambda$doFilterInternal$3(FilterChainProxy.java:231)
    org.springframework.security.web.FilterChainProxy$VirtualFilterChain.doFilter(FilterChainProxy.java:365)
    org.springframework.security.web.access.intercept.AuthorizationFilter.doFilter(AuthorizationFilter.java:101)
    org.springframework.security.web.FilterChainProxy$VirtualFilterChain.doFilter(FilterChainProxy.java:374)
    org.springframework.security.web.access.ExceptionTranslationFilter.doFilter(ExceptionTranslationFilter.java:125)
    org.springframework.security.web.access.ExceptionTranslationFilter.doFilter(ExceptionTranslationFilter.java:119)
    org.springframework.security.web.FilterChainProxy$VirtualFilterChain.doFilter(FilterChainProxy.java:374)
    org.springframework.security.web.authentication.AnonymousAuthenticationFilter.doFilter(AnonymousAuthenticationFilter.java:100)
    org.springframework.security.web.FilterChainProxy$VirtualFilterChain.doFilter(FilterChainProxy.java:374)
    org.springframework.security.web.servletapi.SecurityContextHolderAwareRequestFilter.doFilter(SecurityContextHolderAwareRequestFilter.java:179)
    org.springframework.security.web.FilterChainProxy$VirtualFilterChain.doFilter(FilterChainProxy.java:374)
    org.springframework.security.web.savedrequest.RequestCacheAwareFilter.doFilter(RequestCacheAwareFilter.java:63)
    org.springframework.security.web.FilterChainProxy$VirtualFilterChain.doFilter(FilterChainProxy.java:374)
    org.springframework.security.web.authentication.logout.LogoutFilter.doFilter(LogoutFilter.java:107)
    org.springframework.security.web.authentication.logout.LogoutFilter.doFilter(LogoutFilter.java:93)
    org.springframework.security.web.FilterChainProxy$VirtualFilterChain.doFilter(FilterChainProxy.java:374)
    com.botfunnel.security.SecurityConfig$CsrfCookieMaterializer.doFilterInternal(SecurityConfig.java:127)
    org.springframework.web.filter.OncePerRequestFilter.doFilter(OncePerRequestFilter.java:116)
    org.springframework.security.web.FilterChainProxy$VirtualFilterChain.doFilter(FilterChainProxy.java:374)
    org.springframework.security.web.csrf.CsrfFilter.doFilterInternal(CsrfFilter.java:134)
    org.springframework.web.filter.OncePerRequestFilter.doFilter(OncePerRequestFilter.java:116)
    org.springframework.security.web.FilterChainProxy$VirtualFilterChain.doFilter(FilterChainProxy.java:374)
    org.springframework.web.filter.CorsFilter.doFilterInternal(CorsFilter.java:91)
    org.springframework.web.filter.OncePerRequestFilter.doFilter(OncePerRequestFilter.java:116)
    org.springframework.security.web.FilterChainProxy$VirtualFilterChain.doFilter(FilterChainProxy.java:374)
    org.springframework.security.web.header.HeaderWriterFilter.doHeadersAfter(HeaderWriterFilter.java:90)
    org.springframework.security.web.header.HeaderWriterFilter.doFilterInternal(HeaderWriterFilter.java:75)
    org.springframework.web.filter.OncePerRequestFilter.doFilter(OncePerRequestFilter.java:116)
    org.springframework.security.web.FilterChainProxy$VirtualFilterChain.doFilter(FilterChainProxy.java:374)
    org.springframework.security.web.context.SecurityContextHolderFilter.doFilter(SecurityContextHolderFilter.java:82)
    org.springframework.security.web.context.SecurityContextHolderFilter.doFilter(SecurityContextHolderFilter.java:69)
    org.springframework.security.web.FilterChainProxy$VirtualFilterChain.doFilter(FilterChainProxy.java:374)
    org.springframework.security.web.context.request.async.WebAsyncManagerIntegrationFilter.doFilterInternal(WebAsyncManagerIntegrationFilter.java:62)
    org.springframework.web.filter.OncePerRequestFilter.doFilter(OncePerRequestFilter.java:116)
    org.springframework.security.web.FilterChainProxy$VirtualFilterChain.doFilter(FilterChainProxy.java:374)
    org.springframework.security.web.session.DisableEncodeUrlFilter.doFilterInternal(DisableEncodeUrlFilter.java:42)
    org.springframework.web.filter.OncePerRequestFilter.doFilter(OncePerRequestFilter.java:116)
    org.springframework.security.web.FilterChainProxy$VirtualFilterChain.doFilter(FilterChainProxy.java:374)
    org.springframework.security.web.FilterChainProxy.doFilterInternal(FilterChainProxy.java:233)
    org.springframework.security.web.FilterChainProxy.doFilter(FilterChainProxy.java:191)
    org.springframework.web.filter.CompositeFilter$VirtualFilterChain.doFilter(CompositeFilter.java:113)
    org.springframework.web.filter.ServletRequestPathFilter.doFilter(ServletRequestPathFilter.java:52)
    org.springframework.web.filter.CompositeFilter$VirtualFilterChain.doFilter(CompositeFilter.java:113)
    org.springframework.web.filter.CompositeFilter.doFilter(CompositeFilter.java:74)
    org.springframework.security.config.annotation.web.configuration.WebSecurityConfiguration$CompositeFilterChainProxy.doFilter(WebSecurityConfiguration.java:319)
    org.springframework.web.filter.CompositeFilter$VirtualFilterChain.doFilter(CompositeFilter.java:113)
    org.springframework.web.servlet.handler.HandlerMappingIntrospector.lambda$createCacheFilter$3(HandlerMappingIntrospector.java:243)
    org.springframework.web.filter.CompositeFilter$VirtualFilterChain.doFilter(CompositeFilter.java:113)
    org.springframework.web.filter.CompositeFilter.doFilter(CompositeFilter.java:74)
    org.springframework.security.config.annotation.web.configuration.WebMvcSecurityConfiguration$CompositeFilterChainProxy.doFilter(WebMvcSecurityConfiguration.java:240)
    org.springframework.web.filter.DelegatingFilterProxy.invokeDelegate(DelegatingFilterProxy.java:362)
    org.springframework.web.filter.DelegatingFilterProxy.doFilter(DelegatingFilterProxy.java:278)
    org.apache.catalina.core.ApplicationFilterChain.internalDoFilter(ApplicationFilterChain.java:164)
    org.apache.catalina.core.ApplicationFilterChain.doFilter(ApplicationFilterChain.java:140)
    org.springframework.web.filter.RequestContextFilter.doFilterInternal(RequestContextFilter.java:100)
    org.springframework.web.filter.OncePerRequestFilter.doFilter(OncePerRequestFilter.java:116)
    org.apache.catalina.core.ApplicationFilterChain.internalDoFilter(ApplicationFilterChain.java:164)
    org.apache.catalina.core.ApplicationFilterChain.doFilter(ApplicationFilterChain.java:140)
    org.springframework.web.filter.FormContentFilter.doFilterInternal(FormContentFilter.java:93)
    org.springframework.web.filter.OncePerRequestFilter.doFilter(OncePerRequestFilter.java:116)
    org.apache.catalina.core.ApplicationFilterChain.internalDoFilter(ApplicationFilterChain.java:164)
    org.apache.catalina.core.ApplicationFilterChain.doFilter(ApplicationFilterChain.java:140)
    org.springframework.session.web.http.SessionRepositoryFilter.doFilterInternal(SessionRepositoryFilter.java:142)
    org.springframework.session.web.http.OncePerRequestFilter.doFilter(OncePerRequestFilter.java:82)
    org.springframework.web.filter.DelegatingFilterProxy.invokeDelegate(DelegatingFilterProxy.java:362)
    org.springframework.web.filter.DelegatingFilterProxy.doFilter(DelegatingFilterProxy.java:278)
    org.apache.catalina.core.ApplicationFilterChain.internalDoFilter(ApplicationFilterChain.java:164)
    org.apache.catalina.core.ApplicationFilterChain.doFilter(ApplicationFilterChain.java:140)
    com.botfunnel.webhook.WebhookPayloadSizeFilter.doFilterInternal(WebhookPayloadSizeFilter.java:65)
    org.springframework.web.filter.OncePerRequestFilter.doFilter(OncePerRequestFilter.java:116)
    org.apache.catalina.core.ApplicationFilterChain.internalDoFilter(ApplicationFilterChain.java:164)
    org.apache.catalina.core.ApplicationFilterChain.doFilter(ApplicationFilterChain.java:140)
    org.springframework.web.filter.CharacterEncodingFilter.doFilterInternal(CharacterEncodingFilter.java:201)
    org.springframework.web.filter.OncePerRequestFilter.doFilter(OncePerRequestFilter.java:116)
    org.apache.catalina.core.ApplicationFilterChain.internalDoFilter(ApplicationFilterChain.java:164)
    org.apache.catalina.core.ApplicationFilterChain.doFilter(ApplicationFilterChain.java:140)
    org.apache.catalina.core.StandardWrapperValve.invoke(StandardWrapperValve.java:167)
    org.apache.catalina.core.StandardContextValve.invoke(StandardContextValve.java:90)
    org.apache.catalina.authenticator.AuthenticatorBase.invoke(AuthenticatorBase.java:483)
    org.apache.catalina.core.StandardHostValve.invoke(StandardHostValve.java:116)
    org.apache.catalina.valves.ErrorReportValve.invoke(ErrorReportValve.java:93)
    org.apache.catalina.core.StandardEngineValve.invoke(StandardEngineValve.java:74)
    org.apache.catalina.connector.CoyoteAdapter.service(CoyoteAdapter.java:344)
    org.apache.coyote.http11.Http11Processor.service(Http11Processor.java:398)
    org.apache.coyote.AbstractProcessorLight.process(AbstractProcessorLight.java:63)
    org.apache.coyote.AbstractProtocol$ConnectionHandler.process(AbstractProtocol.java:903)
    org.apache.tomcat.util.net.NioEndpoint$SocketProcessor.doRun(NioEndpoint.java:1740)
    org.apache.tomcat.util.net.SocketProcessorBase.run(SocketProcessorBase.java:52)
    java.base/java.lang.VirtualThread.run(VirtualThread.java:329)
VirtualThread[#81,tomcat-handler-9]/runnable@ForkJoinPool-1-worker-4 reason:MONITOR
    java.base/java.lang.VirtualThread$VThreadContinuation.onPinned(VirtualThread.java:199)
    java.base/jdk.internal.vm.Continuation.onPinned0(Continuation.java:393)
    java.base/java.lang.VirtualThread.park(VirtualThread.java:596)
    java.base/java.lang.System$2.parkVirtualThread(System.java:2643)
    java.base/jdk.internal.misc.VirtualThreads.park(VirtualThreads.java:54)
    java.base/java.util.concurrent.locks.LockSupport.park(LockSupport.java:369)
    java.base/sun.nio.ch.Poller.pollIndirect(Poller.java:139)
    java.base/sun.nio.ch.Poller.poll(Poller.java:102)
    java.base/sun.nio.ch.Poller.poll(Poller.java:87)
    java.base/sun.nio.ch.NioSocketImpl.park(NioSocketImpl.java:175)
    java.base/sun.nio.ch.NioSocketImpl.park(NioSocketImpl.java:201)
    java.base/sun.nio.ch.NioSocketImpl.implRead(NioSocketImpl.java:309)
    java.base/sun.nio.ch.NioSocketImpl.read(NioSocketImpl.java:346)
    java.base/sun.nio.ch.NioSocketImpl$1.read(NioSocketImpl.java:796)
    java.base/java.net.Socket$SocketInputStream.read(Socket.java:1099)
    org.eclipse.angus.mail.util.TraceInputStream.read(TraceInputStream.java:107)
    java.base/java.io.BufferedInputStream.fill(BufferedInputStream.java:291)
    java.base/java.io.BufferedInputStream.implRead(BufferedInputStream.java:325)
    java.base/java.io.BufferedInputStream.read(BufferedInputStream.java:312)
    org.eclipse.angus.mail.util.LineInputStream.readLine(LineInputStream.java:104)
    org.eclipse.angus.mail.smtp.SMTPTransport.readServerResponse(SMTPTransport.java:2489)
    org.eclipse.angus.mail.smtp.SMTPTransport.close(SMTPTransport.java:1401) <== monitors:1
    org.springframework.mail.javamail.JavaMailSenderImpl.doSend(JavaMailSenderImpl.java:438)
    org.springframework.mail.javamail.JavaMailSenderImpl.send(JavaMailSenderImpl.java:350)
    org.springframework.mail.javamail.JavaMailSender.send(JavaMailSender.java:101)
    com.botfunnel.email.EmailService.sendAsync(EmailService.java:90)
    com.botfunnel.email.EmailService.sendVerificationEmail(EmailService.java:35)
    com.botfunnel.auth.AuthService.register(AuthService.java:167)
    com.botfunnel.auth.AuthController.register(AuthController.java:51)
    java.base/jdk.internal.reflect.DirectMethodHandleAccessor.invoke(DirectMethodHandleAccessor.java:103)
    java.base/java.lang.reflect.Method.invoke(Method.java:580)
    org.springframework.web.method.support.InvocableHandlerMethod.doInvoke(InvocableHandlerMethod.java:258)
    org.springframework.web.method.support.InvocableHandlerMethod.invokeForRequest(InvocableHandlerMethod.java:191)
    org.springframework.web.servlet.mvc.method.annotation.ServletInvocableHandlerMethod.invokeAndHandle(ServletInvocableHandlerMethod.java:118)
    org.springframework.web.servlet.mvc.method.annotation.RequestMappingHandlerAdapter.invokeHandlerMethod(RequestMappingHandlerAdapter.java:986)
    org.springframework.web.servlet.mvc.method.annotation.RequestMappingHandlerAdapter.handleInternal(RequestMappingHandlerAdapter.java:891)
    org.springframework.web.servlet.mvc.method.AbstractHandlerMethodAdapter.handle(AbstractHandlerMethodAdapter.java:87)
    org.springframework.web.servlet.DispatcherServlet.doDispatch(DispatcherServlet.java:1089)
    org.springframework.web.servlet.DispatcherServlet.doService(DispatcherServlet.java:979)
    org.springframework.web.servlet.FrameworkServlet.processRequest(FrameworkServlet.java:1014)
    org.springframework.web.servlet.FrameworkServlet.doPost(FrameworkServlet.java:914)
    jakarta.servlet.http.HttpServlet.service(HttpServlet.java:590)
    org.springframework.web.servlet.FrameworkServlet.service(FrameworkServlet.java:885)
    jakarta.servlet.http.HttpServlet.service(HttpServlet.java:658)
    org.apache.catalina.core.ApplicationFilterChain.internalDoFilter(ApplicationFilterChain.java:195)
    org.apache.catalina.core.ApplicationFilterChain.doFilter(ApplicationFilterChain.java:140)
    org.apache.tomcat.websocket.server.WsFilter.doFilter(WsFilter.java:51)
    org.apache.catalina.core.ApplicationFilterChain.internalDoFilter(ApplicationFilterChain.java:164)
    org.apache.catalina.core.ApplicationFilterChain.doFilter(ApplicationFilterChain.java:140)
    org.springframework.web.filter.CompositeFilter$VirtualFilterChain.doFilter(CompositeFilter.java:108)
    org.springframework.web.filter.CompositeFilter$VirtualFilterChain.doFilter(CompositeFilter.java:108)
    org.springframework.security.web.FilterChainProxy.lambda$doFilterInternal$3(FilterChainProxy.java:231)
    org.springframework.security.web.FilterChainProxy$VirtualFilterChain.doFilter(FilterChainProxy.java:365)
    org.springframework.security.web.access.intercept.AuthorizationFilter.doFilter(AuthorizationFilter.java:101)
    org.springframework.security.web.FilterChainProxy$VirtualFilterChain.doFilter(FilterChainProxy.java:374)
    org.springframework.security.web.access.ExceptionTranslationFilter.doFilter(ExceptionTranslationFilter.java:125)
    org.springframework.security.web.access.ExceptionTranslationFilter.doFilter(ExceptionTranslationFilter.java:119)
    org.springframework.security.web.FilterChainProxy$VirtualFilterChain.doFilter(FilterChainProxy.java:374)
    org.springframework.security.web.authentication.AnonymousAuthenticationFilter.doFilter(AnonymousAuthenticationFilter.java:100)
    org.springframework.security.web.FilterChainProxy$VirtualFilterChain.doFilter(FilterChainProxy.java:374)
    org.springframework.security.web.servletapi.SecurityContextHolderAwareRequestFilter.doFilter(SecurityContextHolderAwareRequestFilter.java:179)
    org.springframework.security.web.FilterChainProxy$VirtualFilterChain.doFilter(FilterChainProxy.java:374)
    org.springframework.security.web.savedrequest.RequestCacheAwareFilter.doFilter(RequestCacheAwareFilter.java:63)
    org.springframework.security.web.FilterChainProxy$VirtualFilterChain.doFilter(FilterChainProxy.java:374)
    org.springframework.security.web.authentication.logout.LogoutFilter.doFilter(LogoutFilter.java:107)
    org.springframework.security.web.authentication.logout.LogoutFilter.doFilter(LogoutFilter.java:93)
    org.springframework.security.web.FilterChainProxy$VirtualFilterChain.doFilter(FilterChainProxy.java:374)
    com.botfunnel.security.SecurityConfig$CsrfCookieMaterializer.doFilterInternal(SecurityConfig.java:127)
    org.springframework.web.filter.OncePerRequestFilter.doFilter(OncePerRequestFilter.java:116)
    org.springframework.security.web.FilterChainProxy$VirtualFilterChain.doFilter(FilterChainProxy.java:374)
    org.springframework.security.web.csrf.CsrfFilter.doFilterInternal(CsrfFilter.java:134)
    org.springframework.web.filter.OncePerRequestFilter.doFilter(OncePerRequestFilter.java:116)
    org.springframework.security.web.FilterChainProxy$VirtualFilterChain.doFilter(FilterChainProxy.java:374)
    org.springframework.web.filter.CorsFilter.doFilterInternal(CorsFilter.java:91)
    org.springframework.web.filter.OncePerRequestFilter.doFilter(OncePerRequestFilter.java:116)
    org.springframework.security.web.FilterChainProxy$VirtualFilterChain.doFilter(FilterChainProxy.java:374)
    org.springframework.security.web.header.HeaderWriterFilter.doHeadersAfter(HeaderWriterFilter.java:90)
    org.springframework.security.web.header.HeaderWriterFilter.doFilterInternal(HeaderWriterFilter.java:75)
    org.springframework.web.filter.OncePerRequestFilter.doFilter(OncePerRequestFilter.java:116)
    org.springframework.security.web.FilterChainProxy$VirtualFilterChain.doFilter(FilterChainProxy.java:374)
    org.springframework.security.web.context.SecurityContextHolderFilter.doFilter(SecurityContextHolderFilter.java:82)
    org.springframework.security.web.context.SecurityContextHolderFilter.doFilter(SecurityContextHolderFilter.java:69)
    org.springframework.security.web.FilterChainProxy$VirtualFilterChain.doFilter(FilterChainProxy.java:374)
    org.springframework.security.web.context.request.async.WebAsyncManagerIntegrationFilter.doFilterInternal(WebAsyncManagerIntegrationFilter.java:62)
    org.springframework.web.filter.OncePerRequestFilter.doFilter(OncePerRequestFilter.java:116)
    org.springframework.security.web.FilterChainProxy$VirtualFilterChain.doFilter(FilterChainProxy.java:374)
    org.springframework.security.web.session.DisableEncodeUrlFilter.doFilterInternal(DisableEncodeUrlFilter.java:42)
    org.springframework.web.filter.OncePerRequestFilter.doFilter(OncePerRequestFilter.java:116)
    org.springframework.security.web.FilterChainProxy$VirtualFilterChain.doFilter(FilterChainProxy.java:374)
    org.springframework.security.web.FilterChainProxy.doFilterInternal(FilterChainProxy.java:233)
    org.springframework.security.web.FilterChainProxy.doFilter(FilterChainProxy.java:191)
    org.springframework.web.filter.CompositeFilter$VirtualFilterChain.doFilter(CompositeFilter.java:113)
    org.springframework.web.filter.ServletRequestPathFilter.doFilter(ServletRequestPathFilter.java:52)
    org.springframework.web.filter.CompositeFilter$VirtualFilterChain.doFilter(CompositeFilter.java:113)
    org.springframework.web.filter.CompositeFilter.doFilter(CompositeFilter.java:74)
    org.springframework.security.config.annotation.web.configuration.WebSecurityConfiguration$CompositeFilterChainProxy.doFilter(WebSecurityConfiguration.java:319)
    org.springframework.web.filter.CompositeFilter$VirtualFilterChain.doFilter(CompositeFilter.java:113)
    org.springframework.web.servlet.handler.HandlerMappingIntrospector.lambda$createCacheFilter$3(HandlerMappingIntrospector.java:243)
    org.springframework.web.filter.CompositeFilter$VirtualFilterChain.doFilter(CompositeFilter.java:113)
    org.springframework.web.filter.CompositeFilter.doFilter(CompositeFilter.java:74)
    org.springframework.security.config.annotation.web.configuration.WebMvcSecurityConfiguration$CompositeFilterChainProxy.doFilter(WebMvcSecurityConfiguration.java:240)
    org.springframework.web.filter.DelegatingFilterProxy.invokeDelegate(DelegatingFilterProxy.java:362)
    org.springframework.web.filter.DelegatingFilterProxy.doFilter(DelegatingFilterProxy.java:278)
    org.apache.catalina.core.ApplicationFilterChain.internalDoFilter(ApplicationFilterChain.java:164)
    org.apache.catalina.core.ApplicationFilterChain.doFilter(ApplicationFilterChain.java:140)
    org.springframework.web.filter.RequestContextFilter.doFilterInternal(RequestContextFilter.java:100)
    org.springframework.web.filter.OncePerRequestFilter.doFilter(OncePerRequestFilter.java:116)
    org.apache.catalina.core.ApplicationFilterChain.internalDoFilter(ApplicationFilterChain.java:164)
    org.apache.catalina.core.ApplicationFilterChain.doFilter(ApplicationFilterChain.java:140)
    org.springframework.web.filter.FormContentFilter.doFilterInternal(FormContentFilter.java:93)
    org.springframework.web.filter.OncePerRequestFilter.doFilter(OncePerRequestFilter.java:116)
    org.apache.catalina.core.ApplicationFilterChain.internalDoFilter(ApplicationFilterChain.java:164)
    org.apache.catalina.core.ApplicationFilterChain.doFilter(ApplicationFilterChain.java:140)
    org.springframework.session.web.http.SessionRepositoryFilter.doFilterInternal(SessionRepositoryFilter.java:142)
    org.springframework.session.web.http.OncePerRequestFilter.doFilter(OncePerRequestFilter.java:82)
    org.springframework.web.filter.DelegatingFilterProxy.invokeDelegate(DelegatingFilterProxy.java:362)
    org.springframework.web.filter.DelegatingFilterProxy.doFilter(DelegatingFilterProxy.java:278)
    org.apache.catalina.core.ApplicationFilterChain.internalDoFilter(ApplicationFilterChain.java:164)
    org.apache.catalina.core.ApplicationFilterChain.doFilter(ApplicationFilterChain.java:140)
    com.botfunnel.webhook.WebhookPayloadSizeFilter.doFilterInternal(WebhookPayloadSizeFilter.java:65)
    org.springframework.web.filter.OncePerRequestFilter.doFilter(OncePerRequestFilter.java:116)
    org.apache.catalina.core.ApplicationFilterChain.internalDoFilter(ApplicationFilterChain.java:164)
    org.apache.catalina.core.ApplicationFilterChain.doFilter(ApplicationFilterChain.java:140)
    org.springframework.web.filter.CharacterEncodingFilter.doFilterInternal(CharacterEncodingFilter.java:201)
    org.springframework.web.filter.OncePerRequestFilter.doFilter(OncePerRequestFilter.java:116)
    org.apache.catalina.core.ApplicationFilterChain.internalDoFilter(ApplicationFilterChain.java:164)
    org.apache.catalina.core.ApplicationFilterChain.doFilter(ApplicationFilterChain.java:140)
    org.apache.catalina.core.StandardWrapperValve.invoke(StandardWrapperValve.java:167)
    org.apache.catalina.core.StandardContextValve.invoke(StandardContextValve.java:90)
    org.apache.catalina.authenticator.AuthenticatorBase.invoke(AuthenticatorBase.java:483)
    org.apache.catalina.core.StandardHostValve.invoke(StandardHostValve.java:116)
    org.apache.catalina.valves.ErrorReportValve.invoke(ErrorReportValve.java:93)
    org.apache.catalina.core.StandardEngineValve.invoke(StandardEngineValve.java:74)
    org.apache.catalina.connector.CoyoteAdapter.service(CoyoteAdapter.java:344)
    org.apache.coyote.http11.Http11Processor.service(Http11Processor.java:398)
    org.apache.coyote.AbstractProcessorLight.process(AbstractProcessorLight.java:63)
    org.apache.coyote.AbstractProtocol$ConnectionHandler.process(AbstractProtocol.java:903)
    org.apache.tomcat.util.net.NioEndpoint$SocketProcessor.doRun(NioEndpoint.java:1740)
    org.apache.tomcat.util.net.SocketProcessorBase.run(SocketProcessorBase.java:52)
    java.base/java.lang.VirtualThread.run(VirtualThread.java:329)
2026-05-24T10:59:26.037+03:00  WARN 81523 --- [bot-funnel-backend] [mcat-handler-20] .m.m.a.ExceptionHandlerExceptionResolver : Resolved [com.botfunnel.common.AppException: Забагато спроб реєстрації з цієї IP. Спробуйте за хвилину.]
2026-05-24T10:59:26.038+03:00  WARN 81523 --- [bot-funnel-backend] [mcat-handler-21] .m.m.a.ExceptionHandlerExceptionResolver : Resolved [com.botfunnel.common.AppException: Забагато спроб реєстрації з цієї IP. Спробуйте за хвилину.]
2026-05-24T10:59:26.050+03:00  WARN 81523 --- [bot-funnel-backend] [mcat-handler-22] .m.m.a.ExceptionHandlerExceptionResolver : Resolved [com.botfunnel.common.AppException: Забагато спроб реєстрації з цієї IP. Спробуйте за хвилину.]
2026-05-24T10:59:26.059+03:00  WARN 81523 --- [bot-funnel-backend] [mcat-handler-26] .m.m.a.ExceptionHandlerExceptionResolver : Resolved [com.botfunnel.common.AppException: Забагато спроб реєстрації з цієї IP. Спробуйте за хвилину.]
2026-05-24T10:59:26.061+03:00  WARN 81523 --- [bot-funnel-backend] [mcat-handler-27] .m.m.a.ExceptionHandlerExceptionResolver : Resolved [com.botfunnel.common.AppException: Забагато спроб реєстрації з цієї IP. Спробуйте за хвилину.]
2026-05-24T10:59:26.062+03:00  WARN 81523 --- [bot-funnel-backend] [mcat-handler-28] .m.m.a.ExceptionHandlerExceptionResolver : Resolved [com.botfunnel.common.AppException: Забагато спроб реєстрації з цієї IP. Спробуйте за хвилину.]
2026-05-24T10:59:26.066+03:00  WARN 81523 --- [bot-funnel-backend] [mcat-handler-31] .m.m.a.ExceptionHandlerExceptionResolver : Resolved [com.botfunnel.common.AppException: Забагато спроб реєстрації з цієї IP. Спробуйте за хвилину.]
2026-05-24T10:59:26.067+03:00  WARN 81523 --- [bot-funnel-backend] [mcat-handler-32] .m.m.a.ExceptionHandlerExceptionResolver : Resolved [com.botfunnel.common.AppException: Забагато спроб реєстрації з цієї IP. Спробуйте за хвилину.]
2026-05-24T10:59:26.078+03:00  WARN 81523 --- [bot-funnel-backend] [mcat-handler-36] .m.m.a.ExceptionHandlerExceptionResolver : Resolved [com.botfunnel.common.AppException: Забагато спроб реєстрації з цієї IP. Спробуйте за хвилину.]
2026-05-24T10:59:26.079+03:00  WARN 81523 --- [bot-funnel-backend] [mcat-handler-37] .m.m.a.ExceptionHandlerExceptionResolver : Resolved [com.botfunnel.common.AppException: Забагато спроб реєстрації з цієї IP. Спробуйте за хвилину.]
2026-05-24T10:59:26.081+03:00  WARN 81523 --- [bot-funnel-backend] [mcat-handler-38] .m.m.a.ExceptionHandlerExceptionResolver : Resolved [com.botfunnel.common.AppException: Забагато спроб реєстрації з цієї IP. Спробуйте за хвилину.]
2026-05-24T11:00:33.377+03:00  WARN 81523 --- [bot-funnel-backend] [mcat-handler-53] .m.m.a.ExceptionHandlerExceptionResolver : Resolved [com.botfunnel.common.AppException: Invalid credentials]
2026-05-24T11:00:33.410+03:00  WARN 81523 --- [bot-funnel-backend] [mcat-handler-54] .m.m.a.ExceptionHandlerExceptionResolver : Resolved [com.botfunnel.common.AppException: Invalid credentials]
2026-05-24T11:00:33.410+03:00  WARN 81523 --- [bot-funnel-backend] [mcat-handler-56] .m.m.a.ExceptionHandlerExceptionResolver : Resolved [com.botfunnel.common.AppException: Invalid credentials]
2026-05-24T11:00:33.417+03:00  WARN 81523 --- [bot-funnel-backend] [mcat-handler-59] .m.m.a.ExceptionHandlerExceptionResolver : Resolved [com.botfunnel.common.AppException: Invalid credentials]
2026-05-24T11:00:33.439+03:00  WARN 81523 --- [bot-funnel-backend] [mcat-handler-51] .m.m.a.ExceptionHandlerExceptionResolver : Resolved [com.botfunnel.common.AppException: Invalid credentials]
2026-05-24T11:00:33.446+03:00  WARN 81523 --- [bot-funnel-backend] [mcat-handler-58] .m.m.a.ExceptionHandlerExceptionResolver : Resolved [com.botfunnel.common.AppException: Invalid credentials]
2026-05-24T11:00:33.894+03:00  WARN 81523 --- [bot-funnel-backend] [mcat-handler-57] .m.m.a.ExceptionHandlerExceptionResolver : Resolved [com.botfunnel.common.AppException: Invalid credentials]
2026-05-24T11:00:33.907+03:00  WARN 81523 --- [bot-funnel-backend] [mcat-handler-55] .m.m.a.ExceptionHandlerExceptionResolver : Resolved [com.botfunnel.common.AppException: Invalid credentials]
2026-05-24T11:00:33.907+03:00  WARN 81523 --- [bot-funnel-backend] [mcat-handler-52] .m.m.a.ExceptionHandlerExceptionResolver : Resolved [com.botfunnel.common.AppException: Invalid credentials]
2026-05-24T11:00:33.918+03:00  WARN 81523 --- [bot-funnel-backend] [mcat-handler-60] .m.m.a.ExceptionHandlerExceptionResolver : Resolved [com.botfunnel.common.AppException: Invalid credentials]
2026-05-24T11:00:33.925+03:00  WARN 81523 --- [bot-funnel-backend] [mcat-handler-66] .m.m.a.ExceptionHandlerExceptionResolver : Resolved [com.botfunnel.common.AppException: Invalid credentials]
2026-05-24T11:00:33.925+03:00  WARN 81523 --- [bot-funnel-backend] [mcat-handler-62] .m.m.a.ExceptionHandlerExceptionResolver : Resolved [com.botfunnel.common.AppException: Invalid credentials]
2026-05-24T11:00:33.931+03:00  WARN 81523 --- [bot-funnel-backend] [mcat-handler-68] .m.m.a.ExceptionHandlerExceptionResolver : Resolved [com.botfunnel.common.AppException: Invalid credentials]
2026-05-24T11:00:33.931+03:00  WARN 81523 --- [bot-funnel-backend] [mcat-handler-70] .m.m.a.ExceptionHandlerExceptionResolver : Resolved [com.botfunnel.common.AppException: Invalid credentials]
2026-05-24T11:00:33.932+03:00  WARN 81523 --- [bot-funnel-backend] [mcat-handler-63] .m.m.a.ExceptionHandlerExceptionResolver : Resolved [com.botfunnel.common.AppException: Invalid credentials]
2026-05-24T11:00:33.956+03:00  WARN 81523 --- [bot-funnel-backend] [mcat-handler-67] .m.m.a.ExceptionHandlerExceptionResolver : Resolved [com.botfunnel.common.AppException: Invalid credentials]
2026-05-24T11:00:33.957+03:00  WARN 81523 --- [bot-funnel-backend] [mcat-handler-61] .m.m.a.ExceptionHandlerExceptionResolver : Resolved [com.botfunnel.common.AppException: Invalid credentials]
2026-05-24T11:00:33.958+03:00  WARN 81523 --- [bot-funnel-backend] [mcat-handler-64] .m.m.a.ExceptionHandlerExceptionResolver : Resolved [com.botfunnel.common.AppException: Invalid credentials]
2026-05-24T11:00:33.971+03:00  WARN 81523 --- [bot-funnel-backend] [mcat-handler-65] .m.m.a.ExceptionHandlerExceptionResolver : Resolved [com.botfunnel.common.AppException: Invalid credentials]
2026-05-24T11:00:34.006+03:00  WARN 81523 --- [bot-funnel-backend] [mcat-handler-69] .m.m.a.ExceptionHandlerExceptionResolver : Resolved [com.botfunnel.common.AppException: Invalid credentials]
2026-05-24T11:04:38.100+03:00  WARN 81523 --- [bot-funnel-backend] [cat-handler-141] .m.m.a.ExceptionHandlerExceptionResolver : Resolved [com.botfunnel.common.AppException: Забагато спроб реєстрації з цієї IP. Спробуйте за хвилину.]
2026-05-24T11:04:38.102+03:00  WARN 81523 --- [bot-funnel-backend] [cat-handler-142] .m.m.a.ExceptionHandlerExceptionResolver : Resolved [com.botfunnel.common.AppException: Забагато спроб реєстрації з цієї IP. Спробуйте за хвилину.]
2026-05-24T11:04:38.103+03:00  WARN 81523 --- [bot-funnel-backend] [cat-handler-143] .m.m.a.ExceptionHandlerExceptionResolver : Resolved [com.botfunnel.common.AppException: Забагато спроб реєстрації з цієї IP. Спробуйте за хвилину.]
2026-05-24T11:04:38.515+03:00  WARN 81523 --- [bot-funnel-backend] [cat-handler-158] .m.m.a.ExceptionHandlerExceptionResolver : Resolved [com.botfunnel.common.AppException: Забагато спроб реєстрації з цієї IP. Спробуйте за хвилину.]
2026-05-24T11:04:38.536+03:00  WARN 81523 --- [bot-funnel-backend] [cat-handler-144] .m.m.a.ExceptionHandlerExceptionResolver : Resolved [com.botfunnel.common.AppException: Забагато спроб реєстрації з цієї IP. Спробуйте за хвилину.]
2026-05-24T11:04:38.537+03:00  WARN 81523 --- [bot-funnel-backend] [cat-handler-148] .m.m.a.ExceptionHandlerExceptionResolver : Resolved [com.botfunnel.common.AppException: Забагато спроб реєстрації з цієї IP. Спробуйте за хвилину.]
2026-05-24T11:04:38.538+03:00  WARN 81523 --- [bot-funnel-backend] [cat-handler-149] .m.m.a.ExceptionHandlerExceptionResolver : Resolved [com.botfunnel.common.AppException: Забагато спроб реєстрації з цієї IP. Спробуйте за хвилину.]
2026-05-24T11:04:38.538+03:00  WARN 81523 --- [bot-funnel-backend] [cat-handler-150] .m.m.a.ExceptionHandlerExceptionResolver : Resolved [com.botfunnel.common.AppException: Забагато спроб реєстрації з цієї IP. Спробуйте за хвилину.]
2026-05-24T11:04:38.539+03:00  WARN 81523 --- [bot-funnel-backend] [cat-handler-151] .m.m.a.ExceptionHandlerExceptionResolver : Resolved [com.botfunnel.common.AppException: Забагато спроб реєстрації з цієї IP. Спробуйте за хвилину.]
2026-05-24T11:04:38.539+03:00  WARN 81523 --- [bot-funnel-backend] [cat-handler-152] .m.m.a.ExceptionHandlerExceptionResolver : Resolved [com.botfunnel.common.AppException: Забагато спроб реєстрації з цієї IP. Спробуйте за хвилину.]
2026-05-24T11:04:38.540+03:00  WARN 81523 --- [bot-funnel-backend] [cat-handler-153] .m.m.a.ExceptionHandlerExceptionResolver : Resolved [com.botfunnel.common.AppException: Забагато спроб реєстрації з цієї IP. Спробуйте за хвилину.]
2026-05-24T11:04:38.540+03:00  WARN 81523 --- [bot-funnel-backend] [cat-handler-154] .m.m.a.ExceptionHandlerExceptionResolver : Resolved [com.botfunnel.common.AppException: Забагато спроб реєстрації з цієї IP. Спробуйте за хвилину.]
2026-05-24T11:04:38.540+03:00  WARN 81523 --- [bot-funnel-backend] [cat-handler-155] .m.m.a.ExceptionHandlerExceptionResolver : Resolved [com.botfunnel.common.AppException: Забагато спроб реєстрації з цієї IP. Спробуйте за хвилину.]
2026-05-24T11:04:38.541+03:00  WARN 81523 --- [bot-funnel-backend] [cat-handler-156] .m.m.a.ExceptionHandlerExceptionResolver : Resolved [com.botfunnel.common.AppException: Забагато спроб реєстрації з цієї IP. Спробуйте за хвилину.]
2026-05-24T11:04:38.541+03:00  WARN 81523 --- [bot-funnel-backend] [cat-handler-157] .m.m.a.ExceptionHandlerExceptionResolver : Resolved [com.botfunnel.common.AppException: Забагато спроб реєстрації з цієї IP. Спробуйте за хвилину.]
2026-05-24T11:04:38.542+03:00  WARN 81523 --- [bot-funnel-backend] [cat-handler-159] .m.m.a.ExceptionHandlerExceptionResolver : Resolved [com.botfunnel.common.AppException: Забагато спроб реєстрації з цієї IP. Спробуйте за хвилину.]
2026-05-24T11:04:38.542+03:00  WARN 81523 --- [bot-funnel-backend] [cat-handler-160] .m.m.a.ExceptionHandlerExceptionResolver : Resolved [com.botfunnel.common.AppException: Забагато спроб реєстрації з цієї IP. Спробуйте за хвилину.]
2026-05-24T11:04:38.542+03:00  WARN 81523 --- [bot-funnel-backend] [cat-handler-161] .m.m.a.ExceptionHandlerExceptionResolver : Resolved [com.botfunnel.common.AppException: Забагато спроб реєстрації з цієї IP. Спробуйте за хвилину.]
2026-05-24T11:04:38.543+03:00  WARN 81523 --- [bot-funnel-backend] [cat-handler-162] .m.m.a.ExceptionHandlerExceptionResolver : Resolved [com.botfunnel.common.AppException: Забагато спроб реєстрації з цієї IP. Спробуйте за хвилину.]
2026-05-24T11:04:38.543+03:00  WARN 81523 --- [bot-funnel-backend] [cat-handler-163] .m.m.a.ExceptionHandlerExceptionResolver : Resolved [com.botfunnel.common.AppException: Забагато спроб реєстрації з цієї IP. Спробуйте за хвилину.]
2026-05-24T11:04:38.543+03:00  WARN 81523 --- [bot-funnel-backend] [cat-handler-164] .m.m.a.ExceptionHandlerExceptionResolver : Resolved [com.botfunnel.common.AppException: Забагато спроб реєстрації з цієї IP. Спробуйте за хвилину.]
2026-05-24T11:04:38.543+03:00  WARN 81523 --- [bot-funnel-backend] [cat-handler-165] .m.m.a.ExceptionHandlerExceptionResolver : Resolved [com.botfunnel.common.AppException: Забагато спроб реєстрації з цієї IP. Спробуйте за хвилину.]
2026-05-24T11:04:38.544+03:00  WARN 81523 --- [bot-funnel-backend] [cat-handler-166] .m.m.a.ExceptionHandlerExceptionResolver : Resolved [com.botfunnel.common.AppException: Забагато спроб реєстрації з цієї IP. Спробуйте за хвилину.]
2026-05-24T11:04:38.544+03:00  WARN 81523 --- [bot-funnel-backend] [cat-handler-167] .m.m.a.ExceptionHandlerExceptionResolver : Resolved [com.botfunnel.common.AppException: Забагато спроб реєстрації з цієї IP. Спробуйте за хвилину.]
2026-05-24T11:04:38.544+03:00  WARN 81523 --- [bot-funnel-backend] [cat-handler-168] .m.m.a.ExceptionHandlerExceptionResolver : Resolved [com.botfunnel.common.AppException: Забагато спроб реєстрації з цієї IP. Спробуйте за хвилину.]
2026-05-24T11:04:38.546+03:00  WARN 81523 --- [bot-funnel-backend] [cat-handler-169] .m.m.a.ExceptionHandlerExceptionResolver : Resolved [com.botfunnel.common.AppException: Забагато спроб реєстрації з цієї IP. Спробуйте за хвилину.]
2026-05-24T11:04:38.547+03:00  WARN 81523 --- [bot-funnel-backend] [cat-handler-170] .m.m.a.ExceptionHandlerExceptionResolver : Resolved [com.botfunnel.common.AppException: Забагато спроб реєстрації з цієї IP. Спробуйте за хвилину.]
2026-05-24T11:04:38.547+03:00  WARN 81523 --- [bot-funnel-backend] [cat-handler-171] .m.m.a.ExceptionHandlerExceptionResolver : Resolved [com.botfunnel.common.AppException: Забагато спроб реєстрації з цієї IP. Спробуйте за хвилину.]
2026-05-24T11:04:38.547+03:00  WARN 81523 --- [bot-funnel-backend] [cat-handler-172] .m.m.a.ExceptionHandlerExceptionResolver : Resolved [com.botfunnel.common.AppException: Забагато спроб реєстрації з цієї IP. Спробуйте за хвилину.]
2026-05-24T11:04:38.548+03:00  WARN 81523 --- [bot-funnel-backend] [cat-handler-173] .m.m.a.ExceptionHandlerExceptionResolver : Resolved [com.botfunnel.common.AppException: Забагато спроб реєстрації з цієї IP. Спробуйте за хвилину.]
2026-05-24T11:06:34.671+03:00  INFO 81523 --- [bot-funnel-backend] [ionShutdownHook] o.s.b.w.e.tomcat.GracefulShutdown        : Commencing graceful shutdown. Waiting for active requests to complete
2026-05-24T11:06:34.673+03:00  INFO 81523 --- [bot-funnel-backend] [tomcat-shutdown] o.s.b.w.e.tomcat.GracefulShutdown        : Graceful shutdown complete
2026-05-24T11:06:34.677+03:00  INFO 81523 --- [bot-funnel-backend] [ionShutdownHook] org.jobrunr.server.BackgroundJobServer   : BackgroundJobServer - stopping (may take about PT10S)
2026-05-24T11:06:34.677+03:00  INFO 81523 --- [bot-funnel-backend] [ionShutdownHook] org.jobrunr.server.BackgroundJobServer   : BackgroundJobPerformers - stopping (waiting at most PT10S for jobs to finish)
2026-05-24T11:06:34.681+03:00  INFO 81523 --- [bot-funnel-backend] [ionShutdownHook] org.jobrunr.server.BackgroundJobServer   : BackgroundJobServer and BackgroundJobPerformers stopped

> Task :bootRun FAILED

FAILURE: Build failed with an exception.

* What went wrong:
Execution failed for task ':bootRun'.
> Process 'command '/Users/pavlokorolov/Library/Java/JavaVirtualMachines/liberica-21.0.9/bin/java'' finished with non-zero exit value 143

* Try:
> Run with --stacktrace option to get the stack trace.
> Run with --info or --debug option to get more log output.
> Run with --scan to get full insights.
> Get more help at https://help.gradle.org.

BUILD FAILED in 10m 36s
4 actionable tasks: 2 executed, 2 up-to-date

================================================================================
=== STORM-DRIVER COMMANDS (replay recipe) ===
================================================================================
# Prime XSRF-TOKEN cookie:
#   curl -s -c /tmp/vt-probe-jar.txt http://localhost:8080/health > /dev/null
#   XSRF=$(awk '$6=="XSRF-TOKEN"{print $7}' /tmp/vt-probe-jar.txt)
#
# Register-storm (20x concurrent → BCrypt cost-12 encode):
#   for i in $(seq 1 20); do
#     curl -s -b /tmp/vt-probe-jar.txt -H "X-XSRF-TOKEN: $XSRF" \
#       -H 'Content-Type: application/json' -X POST \
#       -d "{\"email\":\"vt-storm-$(date +%s)-$i@example.com\",\"password\":\"Password123!\"}" \
#       http://localhost:8080/api/auth/register &
#   done; wait
#   → observed: 10x 201, 10x 429 (per-IP rate-limit cap hit; BCrypt encode fired 10x in parallel)
#   → second pass (40x) confirmed: 10x 201, 30x 429
#
# Login-storm (20x concurrent unknown users → BCrypt dummy-hash + Redis brute-force INCR):
#   for i in $(seq 1 20); do
#     curl -s -b /tmp/vt-probe-jar.txt -H "X-XSRF-TOKEN: $XSRF" \
#       -H 'Content-Type: application/json' -X POST \
#       -d "{\"email\":\"unknown-$i@example.com\",\"password\":\"WrongPw1!\",\"rememberMe\":false}" \
#       http://localhost:8080/api/auth/login &
#   done; wait
#   → observed: 20x 401; BCrypt dummy-hash path fired 20x; brute:fail:* and brute:fail:ip:* INCRed via Lettuce sync API
#
# Webhook-storm (20x concurrent → Mongo sync read paths + WebhookPayloadSizeFilter):
#   FAKE_PROJECT_ID="000000000000000000000001"
#   for i in $(seq 1 20); do
#     curl -s -H 'Content-Type: application/json' \
#       -H "X-Telegram-Bot-Api-Secret-Token: stormSecret$i" -X POST \
#       -d "{\"update_id\": $((RANDOM*1000+i)), \"message\":{...}}" \
#       "http://localhost:8080/webhooks/telegram/$FAKE_PROJECT_ID" &
#   done; wait
#   → observed: 20x 404 (anti-enumeration: bot lookup → project lookup → uniform 404)
#   → Mongo sync driver read paths exercised; no JobRunr enqueue (404 short-circuits before enqueue)
#
================================================================================
=== PINNING SUMMARY ===
================================================================================
# Total `Thread held by virtual thread` banners across entire boot.log: 0
#
# Workloads exercised:
#   - Idle startup window (~30s post-boot): Spring context load, Lettuce client warm-up,
#     JobRunr ServerZooKeeper + VirtualThreadJobRunrExecutor init, MongoClient handshake,
#     SuperAdminSeeder boot path. → 0 pinning entries.
#   - Register-storm 20x then 40x: 50 successful BCrypt cost-12 encodes (concurrent VTs).
#     → 0 pinning entries.
#   - Login-storm 20x (unknown users): 20 BCrypt cost-12 dummy-hash matches + Lettuce
#     brute-force INCR/EXPIRE/DEL roundtrips per VT.
#     → 0 pinning entries.
#   - Webhook-storm 20x (404 path): 20 Mongo sync read pairs (bot lookup + project lookup).
#     → 0 pinning entries.
#
# JVM banner confirms trace flag honored:
#   Picked up JAVA_TOOL_OPTIONS: -Djdk.tracePinnedThreads=full
#
# Stack versions (verified via `./gradlew dependencies --configuration runtimeClasspath`):
#   - JDK: BellSoft Liberica 21.0.9+15-LTS (per startup banner)
#   - Lettuce: 6.5.5.RELEASE (Spring Boot 3.5.0 managed)
#   - mongodb-driver-sync: 5.4.0
#   - spring-security-core: 6.5.0
#   - jobrunr: 7.3.2 (uses VirtualThreadPerTask executor — startup log confirms)
